user,community,subreddit
OLookItsThatGuyAgain,0,worldnews
Murtank,1,worldnews
bulaohu,7,worldnews
diachi,130,worldnews
benweiser22,127,worldnews
LeDoucheBaguette,5,worldnews
sillandria,6,socialism
WhynotstartnoW,7,worldnews
niptits,127,worldnews
earvid,8,worldnews
spankaway,9,worldnews
SeekTruthFromFacts,68,worldnews
StewieTheThird,11,worldnews
dobiks,19,worldnews
Cyberpunk_93,127,worldnews
thelawnranger,131,worldnews
TheInfected,14,worldnews
MaxFreedomMoussa,15,worldnews
JumpingJazzJam,90,politics
chukymeow,17,worldnews
LeFromageQc,18,worldnews
reputable_opinion,19,worldnews
Mccalltx,20,worldnews
Boozdeuvash,21,worldnews
bigmaclt77,22,worldnews
dnLoL,21,worldnews
godiebiel,24,worldnews
duhrew,25,worldnews
chicofaraby,90,politics
thepotatoman23,26,politics
warpus,131,worldnews
mtw_,59,socialism
ForestKing,29,worldnews
epod96,30,politics
belikralj,31,worldnews
Infinitopolis,32,politics
IamCosmonaut,59,socialism
De_Facto,173,worldnews
TheTruthHurtsU,34,worldnews
crateguy,64,politics
tacos_4_all,6,socialism
khanfusion,36,worldnews
Grendelpuss,37,worldnews
spacedawg_ie,38,worldnews
Let-Truth-Be-Told,39,worldnews
SkillthoLaggins,127,worldnews
Roxfall,40,worldnews
hseldon10,131,worldnews
Chazmer87,42,worldnews
hessians4hire,43,worldnews
___--__-----,44,worldnews
chickenGpu,45,worldnews
samuraii889,32,worldnews
daschande,52,worldnews
Timaz,47,worldnews
SoakerCity,11,worldnews
clic45,48,politics
Aresmar,15,politics
PsychoWorld,64,politics
90brabus,164,worldnews
foldingcouch,51,worldnews
rikudemyx,52,worldnews
newfit,53,worldnews
_-dO_Ob-_,131,worldnews
Escobeezy,130,worldnews
LeCrushinator,130,worldnews
herbertJblunt,121,"politics, worldnews"
fracto73,24,"politics, worldnews"
jkin310,57,worldnews
SlimePrime,68,worldnews
aroogu,59,worldnews
salton,7,worldnews
SolidBlues,6,socialism
theandyeffect,60,worldnews
TopPriority193,52,worldnews
Vladmur,32,worldnews
Mageant,63,worldnews
KRAZYKNIGHT,64,politics
bassplayer02,32,worldnews
Frux7,65,worldnews
mrjderp,66,politics
kr613,59,worldnews
Rdwomack2,40,worldnews
gtfooh1011,67,politics
giantjesus,19,worldnews
atlasing,59,socialism
lolcrites,21,worldnews
ignorethisone,59,worldnews
pencilrain99,68,worldnews
no_expression,69,worldnews
hypocriticalturtle,164,worldnews
astronautdinosaur,71,worldnews
BlackSpidy,72,politics
Nine_Gates,73,politics
BoatMontmorency,40,worldnews
StarbuckPirate,19,worldnews
YayCookiesForever,75,politics
Lucidview,131,worldnews
Polyscikosis,76,politics
elneuvabtg,77,worldnews
WhatIsPants,82,politics
kelvin214,68,worldnews
thataustguy,79,worldnews
amplifierworship,59,socialism
stealthd,198,politics
caramal,81,politics
vaguelyhuman,59,socialism
shifty1032231,64,politics
adityosaur,82,worldnews
spiritstone,9,worldnews
Cadvin,83,worldnews
Jalo66,53,worldnews
BentAxel,131,worldnews
ceddya,164,worldnews
LiberalHeimerdinger,15,politics
jpe77,90,politics
Ehnaton1,19,worldnews
JumpingJackJoe,84,worldnews
Mr_Dr_Prof_Derp,19,worldnews
gamep01nt,85,worldnews
eruiure,86,worldnews
DeafDumbBlindBoy,87,politics
Shoudlaz,24,worldnews
NotReallyAGenie,64,politics
servohahn,89,worldnews
TheDarkLordOfViacom,6,socialism
BlackOpz,90,politics
shug7272,91,worldnews
spyder728,92,worldnews
HBOXNW,79,worldnews
bladezor,207,politics
ainrialai,59,socialism
MisuVir,68,worldnews
thisisshantzz,24,worldnews
ChiefBromden,95,politics
iScreme,96,worldnews
Photocurrent,97,worldnews
pullingthestringz,59,socialism
WraithPDX,98,politics
uncannylizard,32,worldnews
ITSigno,99,worldnews
ilikeeagles,100,worldnews
Soton_Speed,63,worldnews
jdmulloy,15,politics
DannyInternets,207,politics
Amestrius,66,politics
sirus20x6,75,politics
Wolf-Head,68,worldnews
POTUSXanderCrews,101,worldnews
sarcasticalwit,102,worldnews
ItsHapppening,103,worldnews
Yancy_Farnesworth,104,worldnews
ppfjr0728,105,politics
Bobert_Fico,32,worldnews
Tobikaj,68,worldnews
KillTheSEP,6,socialism
dave45,106,politics
vikinick,130,worldnews
JumpinJackHTML5,107,politics
pujuma,9,worldnews
mgearliosus,109,worldnews
emefluence,24,worldnews
mstrgrieves,164,worldnews
Blackgeesus,110,worldnews
EgyptianNational,24,worldnews
x86_64Ubuntu,111,politics
cxn,32,worldnews
Sebaceous_Sebacious,64,politics
Facts_About_Cats,59,worldnews
DocGonzo13,112,worldnews
radioactivelens,113,socialism
ExtremeReadit,101,worldnews
digitoba,44,worldnews
has-13,114,worldnews
not_anyone,15,politics
Spanner_Magnet,115,worldnews
HunterTAMUC,116,worldnews
FirstPotato,117,worldnews
suparokr,118,politics
kstinfo,82,politics
ShrimpFood,71,worldnews
brownribbon,119,worldnews
AlphaEnder,130,socialism
ioncloud9,115,worldnews
openzeus,121,worldnews
JamesMean,122,politics
optimistic-taco,121,worldnews
Freeze__,124,politics
Mouthtuom,198,politics
gerre,125,socialism
epepepturbo,126,worldnews
castafobe,173,worldnews
Kind_Of_A_Dick,127,worldnews
Tetragramatron,128,politics
berest,129,worldnews
Cronoadvan,15,politics
9minutetruth-penalty,127,worldnews
SplatterSack,127,worldnews
-ParticleMan-,81,politics
shroom_throwaway9722,59,socialism
MultiJanus,115,worldnews
ak_2,130,worldnews
MrFlesh,173,politics
joggle1,69,worldnews
Precursor2552,164,worldnews
aWarmSunnyDay,68,worldnews
RaikerCat,7,worldnews
Dilligaff82,126,worldnews
mauxly,143,politics
eythian,59,worldnews
narrenburg,59,socialism
Vulpyne,121,worldnews
pods_and_cigarettes,64,politics
thebrothersswingin,133,politics
Rekthor,59,socialism
smeeyall,124,politics
orthopod,134,worldnews
smirdolt,135,worldnews
critfist,19,worldnews
m0r14rty,7,worldnews
CaliBuddz,118,politics
NagastaBagamba,32,worldnews
Amphabian,66,politics
SwordPen,137,worldnews
Niklasedg,114,worldnews
diskreet,87,politics
Krenolds,82,politics
PabstyLoudmouth,173,politics
Zetalus,116,worldnews
thestonedkoala,90,politics
Gringo_Please,173,worldnews
shitineedglasses,139,worldnews
jacxy,207,politics
lolfail9001,141,worldnews
Alarmed_Ferret,142,worldnews
MyTFresh,68,worldnews
antiterrorists,127,worldnews
is_pissed_off,11,worldnews
ledmonkey9,68,worldnews
TaylorS1986,59,socialism
_Billups_,143,politics
zeshtorm,32,worldnews
Dracula7899,24,worldnews
CaptOblivious,82,politics
psstwannabuyacarm8,144,worldnews
fastredb,130,worldnews
MrZakalwe,173,worldnews
Druchiiii,118,politics
DystopiaMan,146,worldnews
melissa1987,52,worldnews
c0mputar,164,worldnews
Skrp,112,worldnews
zotquix,147,politics
totallyunmotivated,148,politics
SeeMyThumb,98,politics
DrXaos,1,worldnews
DrNick2012,149,worldnews
bikerwalla,150,politics
Feldheld,151,worldnews
demintheAF,173,worldnews
VikLuk,68,worldnews
dbcspace,115,worldnews
herticalt,130,worldnews
RogueHelios,66,politics
Freeman001,64,politics
FridaKahlosEyebrows,15,worldnews
Problem119V-0800,115,worldnews
daimposter,114,worldnews
intensely_human,142,worldnews
Buck-Nasty,152,worldnews
addictedtoRdrugs,32,worldnews
smallstepforman,115,worldnews
TimeZarg,82,politics
5thGraderLogic,19,worldnews
Alex-Muad_Dib,153,geopolitics
EconomistsNeverSleep,5,worldnews
chilaxinman,130,worldnews
Sergeant_Static,6,socialism
IgorForHire,20,worldnews
ViscomteEcureuil,154,worldnews
ReverendEarthwormJim,68,worldnews
ak11,32,worldnews
agomezian,155,worldnews
Master_Builder,156,worldnews
Balrogic3,207,politics
crasspy,158,politics
genjix,59,worldnews
platinumarks,159,politics
Dusii,164,worldnews
thinkforaminute,15,politics
Taervon,82,politics
ozontm,114,worldnews
bergie321,15,politics
TheNewSheckel,7,worldnews
PigNamedBenis,68,worldnews
luigivampa-over9000,40,worldnews
seriousarcasm,160,worldnews
Nocturniquet,21,worldnews
_JayJ,21,worldnews
agnostic_reflex,5,worldnews
Argueforthesakeofit,125,"socialism, worldnews"
APeacefulWarrior,207,politics
morphinedreams,52,worldnews
thunderbootyclap,150,politics
c00ki3mnstr,90,politics
hilypo,161,worldnews
urbanadultblunt,162,worldnews
AntiNeoLiberal,152,worldnews
IndianDude-51,163,worldnews
hempev,135,worldnews
Fractal_Soul,161,worldnews
IranToToronto,164,worldnews
Doubledogs,165,worldnews
ThatAngryGnome,166,worldnews
pastafusilli,167,worldnews
1blockologist,168,worldnews
ACloseCaller,59,worldnews
speedisavirus,130,worldnews
I_AM_Achilles,115,worldnews
ComradeGnull,169,worldnews
tako9,127,worldnews
skipharrison,11,worldnews
arjun10,6,socialism
KittyCommand0R,30,politics
hurtsdonut_,171,worldnews
Los_Hombres_Los_Gato,130,worldnews
canyouhearme,164,worldnews
Just_Call_Me_Cactus,19,worldnews
Pater-Familias,64,politics
daowenster,130,worldnews
helly3ah,143,politics
moakus,7,worldnews
Helium_3,68,worldnews
Dimzorz,19,worldnews
tau-lepton,173,politics
an_internet_denizen,102,worldnews
metalbladex4,22,worldnews
haroldle,137,worldnews
GooeyPod,121,worldnews
muffler48,86,worldnews
BrokeDickTater,90,politics
just1bastard,117,worldnews
YeastOfBuccaFlats,175,worldnews
darthmynuts,176,worldnews
kaw97,177,worldnews
3dx4d,8,worldnews
BoatCat,130,worldnews
phlap,96,worldnews
salmonjizz,59,socialism
mushyninja,207,worldnews
Imapopulistnow,207,politics
h3lme7,179,worldnews
Anon125,7,worldnews
caeroe,8,worldnews
oldie101,198,politics
trot-trot,130,worldnews
xboomer,162,worldnews
TrueVCU,40,worldnews
Learfz,180,worldnews
hashtagnoshame,95,politics
Yanrogue,115,worldnews
kevalry,15,politics
__DocHopper__,181,worldnews
Jerithil,173,worldnews
Thoctar,182,socialism
sunwayman,146,worldnews
knuatf,19,worldnews
Pokmonth,183,worldnews
tommorrow,127,worldnews
Reali5t,164,worldnews
Rincewind_57,64,politics
GalacticEarwax,40,worldnews
Sleekery,66,politics
pigsandpiglets,184,politics
mrevergood,66,politics
OtterTenet,130,worldnews
______DEADPOOL______,34,worldnews
sge_fan,82,politics
HitlerWasASexyMofo,40,worldnews
ban-chali,173,worldnews
CarolusMagnus,47,worldnews
Tactineck,19,worldnews
slipaway,90,politics
Abomination822,185,worldnews
enceladus7,186,worldnews
dragead,15,politics
seanspotatobusiness,7,worldnews
JackDragon,68,worldnews
BasedGodCometh,15,politics
versusgorilla,188,politics
StateYourBusiness,32,worldnews
ShamanSTK,175,worldnews
oldsecondhand,32,worldnews
Zigstyle,189,politics
serg27,190,politics
Canada_girl,207,politics
Kabouki,52,worldnews
KelsoKira,191,politics
CorruptionAPlus,192,worldnews
justscottaustin,143,politics
socialismisbad,121,worldnews
Calvinball05,115,worldnews
itsfineitsgreat,194,worldnews
Obama__Lover2012,164,worldnews
Deadleggg,195,worldnews
Ghenrich,9,worldnews
GoldStarBrother,196,worldnews
ReallyGene,197,politics
_WhatIsReal_,116,worldnews
Monkeyfeng,47,worldnews
fitzroy95,198,politics
quiteintriguing,130,worldnews
ItayMeir,167,worldnews
carlsaischa,19,worldnews
iTomes,19,worldnews
Jitan,59,socialism
goldgibbon,7,worldnews
KikiFlowers,68,worldnews
duuuh,21,worldnews
reste,7,worldnews
Firewind,199,politics
Japroo,173,worldnews
Brother_tempus,64,politics
Washuchan73,127,worldnews
HighDagger,164,worldnews
qaqa1,200,worldnews
Kawaii-,7,worldnews
theboiledpeanuts,59,socialism
NonViolentWar,15,politics
boredweare1,201,worldnews
MONXYF,11,worldnews
NihiloZero,90,politics
smilesbot,202,worldnews
i_smell_my_poop,111,politics
HamBiscuit,82,politics
cited,90,politics
GothicFuck,203,politics
Snickering_Ginger,164,worldnews
thipp,121,worldnews
systemlord,105,politics
ShouldBeAnUpvoteGif,82,"politics, worldnews"
xeest,7,worldnews
gogojack,90,politics
PrairieData,9,worldnews
Stormflux,204,politics
scottmill,90,politics
metasophie,131,worldnews
litper,82,"politics, worldnews"
chupchap,32,worldnews
neotropic9,90,politics
Cantordammerung,207,politics
jfosdyck,206,politics
onechinesegirl,96,worldnews
LovableContrarian,7,worldnews
OnionChampion,90,politics
i_like_turtles_,15,politics
Trumbull,59,worldnews
actionaaron,9,worldnews
DocQuanta,207,politics
somerandomguy03,21,worldnews
TheMania,208,worldnews
rekooHnzA,19,worldnews
InternetOfficer,155,worldnews
Earthborn92,155,worldnews
buzzit292,163,worldnews
Pearlbuck,129,worldnews
Voduar,32,"politics, worldnews"
Poltras,15,politics
tawzerozero,209,politics
_96_,210,worldnews
R3dstorm86,0,worldnews
diptheria,118,politics
orionrose,15,politics
tigersharkwushen_,21,worldnews
clhines4,57,worldnews
EconMan,15,politics
poophead_,115,worldnews
flyingcitrus,68,worldnews
Splinxy,198,politics
kv_right,211,worldnews
2LateImDead,212,worldnews
belovedkid,213,worldnews
iceblademan,115,worldnews
vintruvian,185,worldnews
Abohir,214,worldnews
jzpenny,215,worldnews
Sayting,52,worldnews
V4L3R4,216,worldnews
Midnightbreeze1969,217,worldnews
mirh,218,worldnews
AmongstTheThugs,82,politics
Murgie,173,worldnews
strl,173,worldnews
CswBizzel,40,worldnews
kovu159,60,worldnews
TheDark1,7,worldnews
XXLpeanuts,219,worldnews
the_raucous_one,104,worldnews
tastytreats04,173,politics
NoMoreNicksLeft,32,worldnews
MetalOrganism,52,worldnews
renaldomoon,199,politics
defdrago,198,politics
nixonrichard,15,politics
Garbageman_1997,25,worldnews
just_an_ordinary_guy,59,socialism
kaizervonmaanen,84,worldnews
fozzymo2,6,socialism
Wienerwrld,220,worldnews
ROFLQuad,221,worldnews
Buckfost,222,worldnews
AndIPullOutMyNine,223,worldnews
TheBlackManBehindYou,101,worldnews
raava_,68,worldnews
looktowindward,127,worldnews
cumbert_cumbert,32,politics
Kodiak_Marmoset,224,worldnews
Chompchompers,223,worldnews
watchout5,198,politics
zzag842,225,politics
stormelemental13,144,worldnews
wqzu,127,worldnews
Gbam,121,worldnews
mushroomwig,226,worldnews
Wagamaga,227,worldnews
RufusTheFirefly,15,worldnews
PixelBlaster,177,worldnews
00000000000000000000,153,geopolitics
TheNoveltyAccountant,102,worldnews
SMforreals,59,worldnews
Sgt_45Bravo,7,worldnews
socrates_scrotum,15,politics
Jeevadees,169,worldnews
yurigoul,229,worldnews
DurianMD,6,socialism
AnonSocialist,230,socialism
respect_cat,139,worldnews
almostagolfer,43,worldnews
tdmiami,15,politics
ConservativeBoi,64,politics
Isakill,231,politics
MASerra,68,worldnews
canis_in_caelum,155,worldnews
dkman22,207,politics
vancooldude,59,worldnews
ZachofFables,24,worldnews
PandaInAMazda,68,worldnews
axnjackson11,19,worldnews
taki2007,214,worldnews
CivilityBeDamned,82,politics
lexisayok,15,politics
Lonsdaleite,164,worldnews
Dubyaz,9,worldnews
SunglassesDan,131,worldnews
continuousQ,52,worldnews
assclown3,180,worldnews
BewilderedDash,222,worldnews
ajsdklf9df,82,worldnews
o1498,127,worldnews
TheSnowNinja,150,politics
2cone,232,worldnews
jesuswantsbrains,68,worldnews
zombiesingularity,113,socialism
iamaquantumcomputer,68,worldnews
POGTFO,159,politics
DashFerLev,90,politics
Cyridius,59,socialism
garyp714,209,politics
pcurve,127,worldnews
brolivia,7,worldnews
bankerman,64,"politics, worldnews"
Garpatron,116,worldnews
Pullo_T,131,worldnews
PandaBearShenyu,47,worldnews
portnux,32,worldnews
kaloonzu,164,worldnews
thebuccaneersden,7,worldnews
TThor,19,worldnews
maqij,7,worldnews
Candlejaok,82,politics
Faldacor,131,worldnews
steelnuts,92,worldnews
JeRouleAvecOCB,68,worldnews
zardwiz,59,socialism
ug2215,233,politics
MadDogMccree,121,worldnews
youropinionman420,82,politics
BolshevikMuppet,209,politics
retiredknight,234,politics
trrrrouble,24,worldnews
neurn2,82,politics
Sporkfish,68,worldnews
i_already_forgot,9,worldnews
AbouBenAdhem,127,worldnews
nmagod,7,worldnews
ForgottenEcho,235,worldnews
co_radio,148,politics
599GTO,92,worldnews
Bronam,213,worldnews
NYGreenandwhite,24,worldnews
MoXria,115,worldnews
photoddgrapher,236,worldnews
frzferdinand72,237,politics
Imperator_Gallo,116,worldnews
Funky_Groove,15,politics
francis2559,143,politics
chunes,107,politics
hydrgn,68,worldnews
Turkeytacobuttcheese,15,worldnews
sunbolts,15,politics
Men13,183,worldnews
Enjoiissweet,127,worldnews
MasterHerbologist,32,worldnews
AggregateTurtle,238,worldnews
TryHarderSon,171,worldnews
cae388,59,socialism
chosens,173,worldnews
welfarecuban,119,worldnews
GiveYourBestEffort,173,politics
Explore_Uranus,96,worldnews
Vishal18,24,worldnews
Nefandi,239,politics
JCuc,64,politics
Reus958,59,"socialism, worldnews"
Narian,198,politics
superjerk,240,politics
IONaut,116,worldnews
Apep86,24,worldnews
justjustjust,64,politics
Dirty_Mike_n_da_Boyz,224,worldnews
Tutublade,7,worldnews
MyersVandalay,213,worldnews
SabashChandraBose,59,worldnews
Hamalmang,67,politics
Nyutriggaa,198,politics
avaslash,47,worldnews
StellarJayZ,90,politics
Drooperdoo,207,politics
Turnc0at,21,worldnews
AllThatJazz,121,worldnews
HoliHandGrenades,164,worldnews
rubbertire,66,politics
Zheng_Hucel-Ge,149,worldnews
Blarty97,241,socialism
listeningwind42,164,worldnews
Idiom_Sir,242,worldnews
Astralfreak,155,worldnews
tedted8888,64,politics
ancistrus,5,worldnews
Dragon029,72,politics
imsopov,121,worldnews
JackiePollockBrown,82,politics
Fatkungfuu,121,worldnews
readitour,121,politics
Joocemann,197,politics
flamingboard,121,worldnews
Musingmike,152,worldnews
Yarddogkodabear,14,worldnews
freerain,243,politics
Glblwrmingisfak,90,politics
fyberoptyk,173,"politics, worldnews"
youhaveaheartofgold,77,worldnews
OatSquares,83,worldnews
terryinsullivan,19,worldnews
mrdarrenh,82,politics
narnith93,19,worldnews
ctindel,15,politics
FuckinNiceKitty,127,worldnews
existentialdude,52,worldnews
GTChessplayer,51,worldnews
maximus14433,15,worldnews
Captain_Dodo,173,politics
Spider-Pug,116,worldnews
EggNun,244,politics
aranasyn,207,politics
Antony777,164,worldnews
IReallyLikePretzles,19,worldnews
Four_Alarm,207,politics
why_the_love,68,worldnews
crucial_erudition,59,socialism
con77,245,worldnews
Syncblock,24,worldnews
maxmasters360,59,socialism
RealRepub,246,politics
lordx3n0saeon,19,worldnews
CelicetheGreat,19,worldnews
YouHaveNoRights,90,politics
ModernPoultry,130,worldnews
Incursus,247,worldnews
DoDraper,52,worldnews
oGsBumder,248,worldnews
IVEMIND,131,worldnews
Kropotki,130,"geopolitics, socialism, worldnews"
Fittyakaferrari,207,politics
RiSC1911,127,worldnews
EatingSteak,234,politics
Nochek,90,politics
Astraea_M,181,worldnews
OccupyJumpStreet,207,politics
mumblinmad,249,worldnews
acuratech31,131,worldnews
KarmaJewPurse,96,worldnews
JoeBidenBot,121,worldnews
CoochCaboose,64,politics
Banaam,143,politics
newoldwave,93,"politics, worldnews"
tayaro,220,worldnews
CliffordSnypes,94,worldnews
Queentoad1,228,worldnews
Its42,24,worldnews
c0mbobreaker,59,socialism
theta0,90,politics
GumdropGoober,173,worldnews
flfolks,216,worldnews
rahowa1488,198,politics
zusamenentegen,165,worldnews
DrakenKorrine,108,socialism
RitzBitzN,120,worldnews
Maritalrelations,148,politics
SNGULARITY,155,worldnews
FEARoperative,123,worldnews
gloubenterder,89,worldnews
kim_bong_chill,161,worldnews
humansdotget_i,120,worldnews
Moxie1,245,worldnews
olican101,2,worldnews
truthtoday,164,worldnews
varietygamer,68,worldnews
Moontouch,6,socialism
shortbaldman,68,worldnews
colonel_ives,102,worldnews
derpmeow,238,worldnews
174,221,worldnews
Dtgonzalez,25,worldnews
shepards_hamster,3,worldnews
Vandalay1ndustries,15,politics
Lonelobo,234,politics
tomorrowsanewday45,233,politics
what_are_you_smoking,4,worldnews
sherikanman,131,worldnews
Vermilion,96,worldnews
SecureThoughts,132,worldnews
AndyDap,131,worldnews
Rockstaru,15,politics
thedurka,198,politics
Shatophiliac,121,worldnews
CaptJax,198,politics
Uncomfortabletruth12,52,worldnews
Ahbraham,164,worldnews
bijan4187,15,politics
DopeTheSmokeMan,131,worldnews
MrVop,148,politics
oouurr,136,worldnews
AfterShave92,121,worldnews
Erbun,82,politics
Invient,15,politics
ReallyCrunchy,10,worldnews
cryingbutdontknowwhy,142,worldnews
_Mason,132,worldnews
foxymcfox,147,politics
TheDuke07,207,politics
maustinreddit,59,socialism
Bastardus_Obesus,121,worldnews
Ihmhi,237,politics
NoHorseInThisRace,24,worldnews
refrigeratorbob,173,politics
bman214,138,politics
WisconsnNymphomaniac,32,politics
iwantabetterjob,109,worldnews
SocialJusticeZombie1,236,worldnews
OMGSPACERUSSIA,208,worldnews
thiosk,121,worldnews
heybra210,82,politics
killakyu5,219,worldnews
baconatedwaffle,143,politics
B_afraid,77,worldnews
fantasyfest,207,politics
masasin,19,worldnews
tehnets,175,worldnews
FortHouston,173,politics
Rontagosh,115,worldnews
isolatedpawn22,19,worldnews
Teh_Slayur,12,politics
DrBoomkin,32,worldnews
DesertFox1986,11,worldnews
JazzerciseMaster,82,politics
grand_marquis,121,worldnews
willwill54,173,worldnews
Toastar_8,25,worldnews
needconfirmation,115,worldnews
sickofthisshit,138,politics
x1000Bums,51,worldnews
kern_q1,77,worldnews
ObamaBigBlackCaucus,13,worldnews
JoshSidekick,64,politics
asianperswayze,36,worldnews
WilliamLooby,19,worldnews
Tyronis3,7,worldnews
etherghost,121,worldnews
ThickTarget,104,worldnews
lit0st,173,worldnews
sirbruce,128,politics
Rench15,131,worldnews
ThirdFloorGreg,201,worldnews
tree_problems,177,worldnews
HeathcliffHeathcliff,64,politics
LazyCon,207,politics
bermanji,173,worldnews
christ0ph,15,politics
bl4ckblooc420,52,worldnews
RangerDanger10,59,socialism
Liesmith,117,worldnews
Deathspiral222,243,politics
equalityisreal,7,worldnews
TrynnaFindaBalance,140,worldnews
Iceborg9,131,worldnews
Billybob2345,16,worldnews
xYaska,249,worldnews
Viscerid,115,worldnews
VentingSalmon,8,worldnews
see996able,7,worldnews
Rinnosuke,66,politics
Barzano,73,politics
rattacat,234,politics
iKickComputers,191,politics
2SP00KY4ME,155,worldnews
PM_ME_YOUR_BOURBON,19,worldnews
astrofreak92,130,worldnews
Isoyama,145,worldnews
-Enkara-,6,socialism
eaturbrainz,24,worldnews
Michael123443,241,socialism
prx124,23,geopolitics
bittopia,68,worldnews
Hawks242,127,worldnews
common_s3nse,32,worldnews
MoonJuiceSippa,173,politics
geckos100,27,socialism
trolluback,130,worldnews
joejoedawith,19,worldnews
CIKAFIUMPH,164,worldnews
Azsu,204,politics
ChickenInASpa,115,worldnews
dox_teh_authoritahs,90,politics
Sockol,28,worldnews
Rock_N_Rye,121,worldnews
Rocketsponge,145,worldnews
carebearSeaman,114,worldnews
ManwhoreB,0,worldnews
Psandysdad,152,worldnews
NakedAndBehindYou,19,worldnews
cnutnuggets,130,worldnews
ResidentDirtbag,59,"socialism, worldnews"
PoweredBySoy,143,politics
sje46,230,socialism
Shiznot,82,politics
masterbard1,127,worldnews
memyselfandeye,48,politics
RealStumbleweed,121,worldnews
Artificecoyote,173,politics
Minxie,24,worldnews
atb5161,157,worldnews
delphium226,114,worldnews
sagard,33,worldnews
VectorDotZero,198,politics
ridger5,207,"politics, worldnews"
Confused_Collective,152,worldnews
belovedeagle,52,worldnews
Slakter,6,socialism
SafetyJoe,59,socialism
EnglishManinDC,35,worldnews
fleker2,41,politics
King-Curtis,234,politics
minizanz,248,worldnews
indepth666,18,worldnews
Vladthewarrior,123,worldnews
DaaaNK,125,worldnews
privatly,170,worldnews
rollwit200276,82,politics
seemedlikeagoodplan,106,politics
FosteredWill,175,worldnews
oxybandit,130,worldnews
BradburyMan,131,worldnews
lights_the_dust,52,worldnews
DeletedByMods,196,worldnews
raptor3x,233,politics
slavemonkey,131,worldnews
Jakeable,173,politics
TZeh,130,worldnews
lesslucid,172,politics
GraharG,173,politics
not_a_gov_employee,115,worldnews
aes0p81,90,politics
Clarence_Bodiker,207,politics
President-Jeb-Bush,24,worldnews
kr0kodil,29,worldnews
welcome2screwston,173,worldnews
lilrabbitfoofoo,207,politics
harry_hotspur,46,geopolitics
Tupples-,21,worldnews
Augustus_Trollus_III,121,worldnews
patientbearr,174,politics
JewBear48,59,worldnews
Viralmelon,171,worldnews
Calvincoolman,26,politics
sigurbjorn1,5,worldnews
philtech,32,worldnews
mrprok,154,worldnews
Veneroso,131,worldnews
nogoodliar,82,politics
Tony_AbbottPBUH,130,worldnews
Josie1234,115,worldnews
MemeBox,41,politics
ptashark,40,worldnews
Mandarion,19,worldnews
Brainkey,171,worldnews
fatcity,52,worldnews
dmacisabeast,30,politics
ghostofpennwast,19,worldnews
Computer_Name,164,worldnews
TheNaughtyMonkey,49,worldnews
holla_snackbar,50,worldnews
Electroguy,68,worldnews
midnightduo1,68,worldnews
MrMumbo,52,worldnews
c_for,115,worldnews
keatonbug,68,worldnews
parkerknoll,207,politics
Dremord,164,worldnews
Luzern_,68,worldnews
Philophobie,151,worldnews
Sgt_Stinger,72,politics
cancelyourcreditcard,148,politics
PointOfFingers,7,worldnews
theholyroller,206,politics
thenlar,235,worldnews
mhl67,6,socialism
petricakerempuh,19,worldnews
on_the_crab,2,worldnews
paredown,130,geopolitics
L_Cranston_Shadow,15,politics
4ringcircus,66,politics
zekebaldinger,15,politics
ScottyNuttz,234,politics
ksanthra,96,worldnews
Unggoy_Soldier,218,worldnews
farararara,143,politics
geezergamer,15,politics
Ape_Rapist,15,politics
ronbron,150,politics
TallMagnolia,121,worldnews
Chodestew,32,politics
DingleStew,133,politics
Cole7rain,114,worldnews
LtFrankDrebin,131,worldnews
hoodatninja,65,worldnews
Bannedfromfun,77,worldnews
LTerminus,64,politics
Introshine,178,worldnews
KnotPtelling,183,worldnews
hollaback_girl,198,politics
HorrorBecomesYou,45,worldnews
RageoftheMonkey,6,socialism
Caanuck,172,politics
renegadecanuck,143,politics
brainlips,138,politics
Wolpfack,143,politics
65473279257913756257,182,socialism
Einou,134,worldnews
BLOODY_ANAL_VOMIT,15,"politics, worldnews"
JollyRoler,127,worldnews
gavers,127,worldnews
TheCareBear42,27,socialism
prosummobono,96,worldnews
Mishmoo,235,worldnews
substandardgaussian,122,politics
sean_incali,239,politics
courk,217,worldnews
Todda468,52,worldnews
beejayyy,210,worldnews
toofine,47,worldnews
fuzzbazz,54,worldnews
cnscdn,126,worldnews
ogonperuna,160,worldnews
everythingistakenlol,55,politics
KaMiKaZePiG,173,politics
SpecialOpsCynic,55,politics
KamSolusar,151,worldnews
lnrstnr,90,politics
alalalalong,166,worldnews
totallyclips,52,worldnews
DarKcS,56,worldnews
punk___as,90,politics
Cyrius,25,worldnews
hulksmashokayiwill,21,worldnews
flaxom,7,worldnews
el_dongo,24,worldnews
paranormal_penguin,69,worldnews
Xuttuh,92,worldnews
MrGelowe,92,worldnews
Immediately_Hostile,95,politics
pennyreader,58,worldnews
Absered,173,worldnews
SuperNinjaBot,142,worldnews
sansaset,24,worldnews
HaieScildrinner,198,politics
RobotEmperor,125,worldnews
PowerSombrero,164,worldnews
dmitchel0820,103,worldnews
Hoooooooar,156,worldnews
striderplus111,93,worldnews
billus580,131,worldnews
PandaCavalry,154,worldnews
MisterBlack8,207,politics
NeatAnecdoteBrother,247,worldnews
magnomanx,59,socialism
The_sad_zebra,130,worldnews
plentyofmelanin,32,worldnews
SPLMN,97,worldnews
ManyJoeys,12,politics
baseacegoku,131,worldnews
tonydiethelm,187,worldnews
Scattered_Disk,131,worldnews
madmac51,233,politics
hellhoy,202,worldnews
pixartist,24,worldnews
minidou,7,worldnews
WrongAssumption,11,worldnews
nutmegel,82,politics
lespinoza,131,worldnews
hlycia,130,worldnews
load-more-comments__,59,worldnews
rindindin,25,worldnews
loxidon,68,worldnews
DogWhopperReturns,76,politics
headphase,68,worldnews
AutoModerator,35,worldnews
Z0di,82,politics
jackblack2323,19,worldnews
kantstopoldmanrivers,158,politics
dblmjr_loser,50,worldnews
chinese_horse,7,worldnews
VoilaVoilaWashington,121,worldnews
Jeffgoldbum,52,worldnews
vaguerant100,59,"socialism, worldnews"
gloomdoom,77,worldnews
cavscout43,192,worldnews
marishtar,15,politics
Solacen,228,worldnews
vanderbugger,227,worldnews
Jackissocool,230,socialism
aknownunknown,130,worldnews
C9316,90,politics
radiohead87,82,worldnews
levian_durai,237,politics
AnEmortalKid,142,worldnews
comet3popeye,93,politics
Cognito12,172,politics
Rotteuxx,68,worldnews
oomellieoo,131,worldnews
Morgc,195,worldnews
Deez_Tig_Ol_Bitties,61,worldnews
Jigsawbilly,24,worldnews
TomatuAlus,121,worldnews
silverstrikerstar,151,worldnews
kiddikiddi,149,worldnews
SuperGeometric,198,politics
ReyechMac,19,worldnews
tikketyboo,94,worldnews
Paladin4Life,52,worldnews
Skinman,62,politics
Vio_,15,politics
logjamminxxx,229,worldnews
communistdaughters,241,socialism
joshthecynic,48,politics
Pizza_Akbar,32,worldnews
WAR_T0RN1226,4,worldnews
ucantdeletethetruth,64,politics
Peter_Pancakes,101,worldnews
broawayjay,32,worldnews
cagg333,219,worldnews
awvery,187,worldnews
AltThink,6,socialism
sickhippie,38,worldnews
Squeejee09,115,worldnews
MightierThanThou,59,worldnews
soup2nuts,64,politics
ChaosMotor,41,politics
FrenchFriesFriday,219,worldnews
JackedAccountant,7,worldnews
Gotebe,127,worldnews
TacticalOyster,82,politics
sploingue,7,worldnews
ssjbaez,52,worldnews
negroyverde,59,socialism
drunkredneck2,32,worldnews
Pray2bigbong,200,worldnews
fush_n_chops,110,worldnews
DkorpiBSME,178,worldnews
paperconservation101,131,worldnews
thegr8rambino13,116,worldnews
FreshHaus,32,worldnews
T_T_O_P,169,worldnews
shadowvanned,28,worldnews
blindtranche,3,worldnews
tayaravaknin,173,worldnews
professorbooty25,168,worldnews
LiquidAether,52,worldnews
zhantongz,68,worldnews
TuggieInventor_AMA,121,worldnews
isaacbonyuet,15,worldnews
gex80,240,politics
FishstickIsles,155,worldnews
Blind_Sypher,121,worldnews
ss6sam6,32,worldnews
monkeyn350z,173,politics
Mods_r_Reps,173,politics
Dirt_McGirt_,208,worldnews
Tsegen,157,worldnews
saffra1,193,worldnews
darkhamer,32,worldnews
extendedsceptic,211,worldnews
pi3141592653589,24,worldnews
DrBoooobs,115,worldnews
azerbijean,32,worldnews
iskapes,49,worldnews
Urethra_of_a_Horse,59,worldnews
ArchmageXin,155,worldnews
CheesewithWhine,15,politics
Lard_Baron,173,worldnews
ninja9875,13,worldnews
Psyclair,59,worldnews
iamacheapskate,7,worldnews
pachanko,31,worldnews
theedgeofoblivious,70,politics
feedayeen,15,"politics, worldnews"
leanrum,183,worldnews
Tatalebuj,32,worldnews
terrymr,15,worldnews
Zodiac13,32,worldnews
andyfox1979,243,politics
EmperorSexy,68,worldnews
Frostiken,64,politics
prometheanbane,59,socialism
GunDefender,90,politics
dmitri72,42,worldnews
landtank95,180,worldnews
tikki_rox,130,socialism
dadkab0ns,56,worldnews
theblackraven,15,worldnews
TooMuchButtHair,130,worldnews
darthgarlic,68,worldnews
goodstorydan,141,worldnews
Remember_M3,68,worldnews
nuvistor,136,worldnews
sjleader,58,worldnews
defan752,19,worldnews
ZebZ,70,politics
myfirstnameisdanger,198,politics
morrotuber,46,geopolitics
Twiny,48,politics
Taliva,92,worldnews
EllisHughTiger,82,politics
sippingrapedrank,101,worldnews
CommieCookie,112,worldnews
Gryphon0468,92,worldnews
ShadowStealer7,92,worldnews
Reckoner87,129,worldnews
jpurdy,173,politics
trimalchio420,118,politics
CWAnik,130,geopolitics
Levitlame,143,politics
482733577,53,worldnews
illdoitnextweek,15,politics
danliberty,15,politics
raohthekenoh,203,politics
ddrddrddrddr,127,worldnews
GoogleOpenLetter,115,worldnews
ImInterested,74,politics
deathfantasy,205,worldnews
explohd,15,politics
mister1986,24,politics
BrosenkranzKeef,186,worldnews
kam_mam_ist,127,worldnews
JasonMacker,59,socialism
Whoopwhoop7,21,worldnews
Sidwill,90,politics
Bodoblock,205,worldnews
redforeman55,116,worldnews
strawglass,32,worldnews
knowyourbrain,11,worldnews
BellyFloppinChubs,6,socialism
Unleash_the_Donkey,205,worldnews
MoshpitAtABBAShow,108,socialism
PM_ME_YR_ICLOUD_PICS,215,worldnews
popesnutsack,68,worldnews
RoundSimbacca,82,politics
Ginger_the_Dog,143,politics
Firefight352,62,politics
Clausewitz1996,23,geopolitics
kotombe,121,worldnews
CoruFresh,7,worldnews
El_Q,148,politics
WeaversReply,78,worldnews
shuishou,47,worldnews
moanerific,80,politics
Themosthumble,130,worldnews
bluehairedbeaver,82,politics
0xD153A53,231,politics
DexterKillsMrWhite,121,worldnews
ihatemovingparts,37,worldnews
ninjetron,188,politics
Ragnrk,144,worldnews
WarPhalange,244,politics
Kilane,208,worldnews
centipedophile,90,politics
123felix,47,worldnews
DeaconNuno,118,politics
Ar_Ciel,237,politics
Yaver_Mbizi,140,worldnews
commanderspoonface,6,socialism
nobunaga_1568,54,worldnews
spammo5,208,worldnews
Owyn_Merrilin,215,worldnews
thro_way,82,politics
velocide,9,worldnews
realityengine,101,worldnews
Quantization,78,worldnews
SlyReference,90,politics
newaccountkonakona,59,worldnews
wh173,24,worldnews
ameya2693,39,worldnews
RichardMHP,207,politics
lfgbrd,186,worldnews
MessySantorum,15,politics
BraveSquirrel,15,politics
acolyte_jin,101,worldnews
JStancombe,80,politics
someaustralian,121,worldnews
MarsMJD,24,worldnews
Exitwoundz,234,politics
Toaka,127,worldnews
dark_prophet,21,worldnews
gzip_this,17,worldnews
atrich,121,worldnews
image_linker_bot,92,worldnews
rydan,101,worldnews
danny841,130,worldnews
DukeOfGeek,130,worldnews
hawksaber,164,worldnews
fishfishmonkeyhat,184,politics
sephstorm,226,worldnews
kinisonkhan,207,worldnews
MsLotusLane,91,worldnews
Count_Spockula,242,worldnews
MaltyBeverage,125,worldnews
Aiskhulos,240,politics
MelAlton,32,worldnews
absspaghetti,99,worldnews
GnomeyGustav,15,politics
confiq,127,worldnews
Chairman-Meeow,15,politics
Peter_Jennings_Lungs,90,politics
melvinsparkbucket,241,socialism
JoeyFNK,76,politics
IdBangSouthparkSatan,121,worldnews
the_real_rs,90,politics
turroflux,85,worldnews
fingeregg,164,worldnews
Algebrace,155,worldnews
turtlesquirtle,115,worldnews
Euronomus,15,politics
GUYS_im_srsly,16,worldnews
badtwinboy,112,worldnews
Dtapped,100,worldnews
ChiefHodor,193,worldnews
orru,59,worldnews
Munstered,207,politics
barrinmw,190,politics
SigSour40,19,worldnews
spinlock,174,politics
ptwonline,143,politics
DeviMon1,19,worldnews
MenardiOfProx,130,worldnews
MaxxBreak,15,politics
DroidsRugly,24,worldnews
justanotherwtf,40,worldnews
thatsmrdickface,90,politics
reddog2020,131,worldnews
ofarrizzle,11,worldnews
yaminub,212,worldnews
BRB_Im_Making_Toast,68,worldnews
OB1_kenobi,115,worldnews
DarkBladeRunner,189,politics
TheRadicalAntichrist,6,socialism
dj3v3n,246,politics
SeptimusSette,130,worldnews
Thucydides411,194,worldnews
Motherdiedtoday,68,worldnews
Yosarian2,33,worldnews
qoa,131,worldnews
Troppin,173,worldnews
frausting,148,politics
sesstreets,64,politics
Headlesshorsesemen,88,worldnews
JRutterbush,82,politics
Yahweh_or_Noweh,233,politics
nicksvr4,225,politics
Jakadasnake,96,worldnews
gangli0n,9,worldnews
awindwaker,179,worldnews
aussiequestions,47,worldnews
herisee,183,worldnews
vanillathunder12,207,politics
anti-utopian,59,socialism
Sirfranco4,219,worldnews
insane_contin,64,politics
joblessnerd,32,worldnews
Slice847,15,politics
ShiftyEyedPotato,64,politics
spaceace2000,88,worldnews
Pdxlater,130,worldnews
TurboRaptor,101,worldnews
jopesy,234,politics
moushoo,164,worldnews
sticklight414,173,worldnews
DeHizzy420,176,worldnews
Fonsiloco,62,politics
pyrespirit,10,worldnews
RR4YNN,146,worldnews
erwintatp,61,worldnews
HistoricaDeluxa,180,worldnews
zahrul3,131,worldnews
Mdtion_is_Temporal,74,politics
869689698,59,worldnews
Vin_Diesel420,232,worldnews
sargunster,64,worldnews
Sit-Rep,170,worldnews
spriggig,68,worldnews
argv_minus_one,66,politics
myringotomy,32,politics
dannorcart,131,worldnews
drewiepoodle,173,politics
