author,parent_author,subreddit,created_utc
[deleted],socialismisbad,worldnews,1420070520
[deleted],aknownunknown,worldnews,1420070691
Voduar,Chodestew,politics,1420070737
sean_incali,Nefandi,politics,1420070764
BellyFloppinChubs,Slakter,socialism,1420070778
Slakter,BellyFloppinChubs,socialism,1420070820
lnrstnr,Brother_tempus,politics,1420070885
[deleted],kjhwkejhkhdsfkjhsdkf,worldnews,1420070887
Polyscikosis,DogWhopperReturns,politics,1420070897
Voduar,uncannylizard,worldnews,1420070920
kjhwkejhkhdsfkjhsdkf,[deleted],worldnews,1420071001
Blarty97,communistdaughters,socialism,1420071011
aes0p81,c00ki3mnstr,politics,1420071123
smilesbot,hellhoy,worldnews,1420071152
MaltyBeverage,Argueforthesakeofit,worldnews,1420071191
Krenolds,neurn2,politics,1420071192
DogWhopperReturns,Polyscikosis,politics,1420071200
communistdaughters,Blarty97,socialism,1420071201
crateguy,ConservativeBoi,politics,1420071251
fantasyfest,DocQuanta,politics,1420071367
Syncblock,ZachofFables,worldnews,1420071392
kovu159,theandyeffect,worldnews,1420071419
lnrstnr,JumpingJazzJam,politics,1420071421
uncannylizard,Voduar,worldnews,1420071432
[deleted],kjhwkejhkhdsfkjhsdkf,worldnews,1420071495
broawayjay,uncannylizard,worldnews,1420071504
melvinsparkbucket,communistdaughters,socialism,1420071510
ManwhoreB,R3dstorm86,worldnews,1420071526
Polyscikosis,DogWhopperReturns,politics,1420071527
just1bastard,FirstPotato,worldnews,1420071562
KnotPtelling,Men13,worldnews,1420071588
c00ki3mnstr,aes0p81,politics,1420071600
professorbooty25,1blockologist,worldnews,1420071638
socialismisbad,[deleted],worldnews,1420071679
vancooldude,9minutetruth-penalty,worldnews,1420071697
FirstPotato,just1bastard,worldnews,1420071716
Argueforthesakeofit,MaltyBeverage,worldnews,1420071728
Voduar,uncannylizard,worldnews,1420071755
Kilane,OMGSPACERUSSIA,worldnews,1420071787
HoliHandGrenades,mstrgrieves,worldnews,1420071797
uncannylizard,broawayjay,worldnews,1420071815
communistdaughters,melvinsparkbucket,socialism,1420071821
theedgeofoblivious,ZebZ,politics,1420071838
9minutetruth-penalty,vancooldude,worldnews,1420071839
iskapes,TheNaughtyMonkey,worldnews,1420071872
Blarty97,communistdaughters,socialism,1420071921
dmitri72,Chazmer87,worldnews,1420071941
Argueforthesakeofit,MaltyBeverage,worldnews,1420071951
ZachofFables,Syncblock,worldnews,1420071954
mstrgrieves,HoliHandGrenades,worldnews,1420072004
fracto73,Apep86,worldnews,1420072035
gtfooh1011,Hamalmang,politics,1420072062
Caanuck,Cognito12,politics,1420072080
pencilrain99,spriggig,worldnews,1420072096
kjhwkejhkhdsfkjhsdkf,[deleted],worldnews,1420072104
EconomistsNeverSleep,sigurbjorn1,worldnews,1420072105
aes0p81,c00ki3mnstr,politics,1420072154
Chazmer87,dmitri72,worldnews,1420072198
JumpingJazzJam,lnrstnr,politics,1420072212
[deleted],kjhwkejhkhdsfkjhsdkf,worldnews,1420072250
ArchmageXin,FishstickIsles,worldnews,1420072254
SlimePrime,ledmonkey9,worldnews,1420072294
Frostiken,crateguy,politics,1420072361
i_smell_my_poop,x86_64Ubuntu,politics,1420072375
kam_mam_ist,masterbard1,worldnews,1420072384
90brabus,Antony777,worldnews,1420072394
kjhwkejhkhdsfkjhsdkf,[deleted],worldnews,1420072439
CaptJax,stealthd,politics,1420072466
c00ki3mnstr,aes0p81,politics,1420072479
Cognito12,Caanuck,politics,1420072492
prosummobono,Jakadasnake,worldnews,1420072506
Voduar,MasterHerbologist,worldnews,1420072507
ledmonkey9,SlimePrime,worldnews,1420072507
ledmonkey9,spriggig,worldnews,1420072529
crateguy,Brother_tempus,politics,1420072549
Reus958,shroom_throwaway9722,socialism,1420072549
Voduar,philtech,worldnews,1420072552
theta0,lnrstnr,politics,1420072586
Dragon029,BlackSpidy,politics,1420072590
aes0p81,c00ki3mnstr,politics,1420072596
MaltyBeverage,Argueforthesakeofit,worldnews,1420072643
CivilityBeDamned,JackiePollockBrown,politics,1420072657
1blockologist,professorbooty25,worldnews,1420072672
frzferdinand72,Ar_Ciel,politics,1420072689
OLookItsThatGuyAgain,R3dstorm86,worldnews,1420072712
lnrstnr,JumpingJazzJam,politics,1420072721
Caanuck,Cognito12,politics,1420072728
MaltyBeverage,Argueforthesakeofit,worldnews,1420072733
kam_mam_ist,niptits,worldnews,1420072738
SlimePrime,spriggig,worldnews,1420072752
Ar_Ciel,frzferdinand72,politics,1420072753
Idiom_Sir,Count_Spockula,worldnews,1420072754
MASerra,spriggig,worldnews,1420072773
JazzerciseMaster,bluehairedbeaver,politics,1420072954
TomatuAlus,kotombe,worldnews,1420072992
prx124,Clausewitz1996,geopolitics,1420073078
SlimePrime,VikLuk,worldnews,1420073092
crucial_erudition,RangerDanger10,socialism,1420073158
aes0p81,c00ki3mnstr,politics,1420073174
ConservativeBoi,crateguy,politics,1420073191
PsychoWorld,Sebaceous_Sebacious,politics,1420073200
Lard_Baron,tayaravaknin,worldnews,1420073217
dmitri72,Chazmer87,worldnews,1420073246
VikLuk,SlimePrime,worldnews,1420073250
[deleted],kjhwkejhkhdsfkjhsdkf,worldnews,1420073259
OMGSPACERUSSIA,Kilane,worldnews,1420073302
Pearlbuck,berest,worldnews,1420073315
SafetyJoe,pullingthestringz,socialism,1420073323
RufusTheFirefly,isaacbonyuet,worldnews,1420073335
uncannylizard,Voduar,worldnews,1420073337
SlimePrime,VikLuk,worldnews,1420073354
Jackissocool,sje46,socialism,1420073356
GothicFuck,raohthekenoh,politics,1420073360
Rekthor,ainrialai,socialism,1420073371
shepards_hamster,blindtranche,worldnews,1420073400
Kilane,OMGSPACERUSSIA,worldnews,1420073425
logjamminxxx,yurigoul,worldnews,1420073463
negroyverde,pullingthestringz,socialism,1420073471
C9316,lnrstnr,politics,1420073479
flyingcitrus,shortbaldman,worldnews,1420073534
sje46,Jackissocool,socialism,1420073569
RangerDanger10,crucial_erudition,socialism,1420073571
Mishmoo,ForgottenEcho,worldnews,1420073572
OnionChampion,lnrstnr,politics,1420073580
elneuvabtg,B_afraid,worldnews,1420073593
CommieCookie,badtwinboy,worldnews,1420073615
yurigoul,logjamminxxx,worldnews,1420073626
CaptOblivious,CivilityBeDamned,politics,1420073632
chicofaraby,lnrstnr,politics,1420073646
SlimePrime,JeRouleAvecOCB,worldnews,1420073689
SuperGeometric,fitzroy95,politics,1420073708
HoliHandGrenades,mstrgrieves,worldnews,1420073713
Einou,orthopod,worldnews,1420073756
berest,Pearlbuck,worldnews,1420073759
chicofaraby,JumpingJazzJam,politics,1420073777
Count_Spockula,Idiom_Sir,worldnews,1420073792
___--__-----,digitoba,worldnews,1420073805
JeRouleAvecOCB,ledmonkey9,worldnews,1420073843
Jackissocool,sje46,socialism,1420073888
Splinxy,myfirstnameisdanger,politics,1420073909
SpecialOpsCynic,everythingistakenlol,politics,1420073934
Voduar,uncannylizard,worldnews,1420073938
reddog2020,oomellieoo,worldnews,1420073946
chicofaraby,gogojack,politics,1420073981
CivilityBeDamned,CaptOblivious,politics,1420073997
canis_in_caelum,FishstickIsles,worldnews,1420074046
Voduar,MasterHerbologist,worldnews,1420074054
pullingthestringz,negroyverde,socialism,1420074060
flfolks,V4L3R4,worldnews,1420074061
Cognito12,lesslucid,politics,1420074064
cumbert_cumbert,Chodestew,politics,1420074090
CaptOblivious,CivilityBeDamned,politics,1420074092
itsfineitsgreat,Thucydides411,worldnews,1420074102
EconMan,geezergamer,politics,1420074114
HoliHandGrenades,c0mputar,worldnews,1420074117
JeRouleAvecOCB,SlimePrime,worldnews,1420074155
pullingthestringz,negroyverde,socialism,1420074160
frsp,[deleted],worldnews,1420074164
Pearlbuck,berest,worldnews,1420074175
Chodestew,Infinitopolis,politics,1420074201
CivilityBeDamned,CaptOblivious,politics,1420074201
flyingcitrus,spriggig,worldnews,1420074219
antiterrorists,9minutetruth-penalty,worldnews,1420074222
ainrialai,Rekthor,socialism,1420074245
lnrstnr,chicofaraby,politics,1420074247
Blarty97,Michael123443,socialism,1420074248
jesuswantsbrains,JeRouleAvecOCB,worldnews,1420074272
FishstickIsles,canis_in_caelum,worldnews,1420074303
lnrstnr,C9316,politics,1420074308
Antony777,90brabus,worldnews,1420074311
shroom_throwaway9722,Reus958,socialism,1420074312
sigurbjorn1,EconomistsNeverSleep,worldnews,1420074333
ridger5,kinisonkhan,worldnews,1420074365
CaptOblivious,CivilityBeDamned,politics,1420074372
JumpingJackJoe,kaizervonmaanen,worldnews,1420074375
OMGSPACERUSSIA,Kilane,worldnews,1420074379
TacticalOyster,Z0di,politics,1420074388
Rotteuxx,VikLuk,worldnews,1420074397
King-Curtis,Lonelobo,politics,1420074400
godiebiel,emefluence,worldnews,1420074410
ridger5,MisterBlack8,politics,1420074417
JoeyFNK,Polyscikosis,politics,1420074425
BewilderedDash,Buckfost,worldnews,1420074427
[deleted],socialismisbad,worldnews,1420074441
optimistic-taco,AllThatJazz,worldnews,1420074458
nicksvr4,zzag842,politics,1420074467
JeRouleAvecOCB,jesuswantsbrains,worldnews,1420074469
crateguy,Frostiken,politics,1420074479
shroom_throwaway9722,pullingthestringz,socialism,1420074479
zeshtorm,uncannylizard,worldnews,1420074479
radiohead87,ShouldBeAnUpvoteGif,worldnews,1420074492
SlimePrime,JeRouleAvecOCB,worldnews,1420074509
shroom_throwaway9722,SafetyJoe,socialism,1420074541
2SP00KY4ME,FishstickIsles,worldnews,1420074559
everythingistakenlol,SpecialOpsCynic,politics,1420074603
shroom_throwaway9722,Reus958,socialism,1420074647
Z0di,TacticalOyster,politics,1420074663
pullingthestringz,SafetyJoe,socialism,1420074666
Feldheld,KamSolusar,worldnews,1420074669
CivilityBeDamned,nogoodliar,politics,1420074670
sje46,Jackissocool,socialism,1420074672
MaltyBeverage,RobotEmperor,worldnews,1420074708
platinumarks,POGTFO,politics,1420074716
CivilityBeDamned,CaptOblivious,politics,1420074719
GoldStarBrother,DeletedByMods,worldnews,1420074755
Sgt_45Bravo,bulaohu,worldnews,1420074756
Sidwill,lnrstnr,politics,1420074759
Reus958,shroom_throwaway9722,socialism,1420074761
SlimePrime,popesnutsack,worldnews,1420074766
pullingthestringz,shroom_throwaway9722,socialism,1420074774
shroom_throwaway9722,Reus958,socialism,1420074798
ShouldBeAnUpvoteGif,radiohead87,worldnews,1420074798
ReverendEarthwormJim,JeRouleAvecOCB,worldnews,1420074847
neurn2,Z0di,politics,1420074867
SMforreals,eythian,worldnews,1420074958
blindtranche,shepards_hamster,worldnews,1420074959
justscottaustin,francis2559,politics,1420074966
Reus958,shroom_throwaway9722,socialism,1420074980
Z0di,neurn2,politics,1420074993
negroyverde,pullingthestringz,socialism,1420075003
Reus958,shroom_throwaway9722,socialism,1420075024
mister1986,fracto73,politics,1420075030
EconomistsNeverSleep,sigurbjorn1,worldnews,1420075053
Voduar,SuperGeometric,politics,1420075053
con77,Moxie1,worldnews,1420075054
neurn2,Z0di,politics,1420075056
VikLuk,Rotteuxx,worldnews,1420075062
JeRouleAvecOCB,SlimePrime,worldnews,1420075099
A3L92,[deleted],worldnews,1420075102
SuperGeometric,Mouthtuom,politics,1420075113
jesuswantsbrains,JeRouleAvecOCB,worldnews,1420075126
negroyverde,pullingthestringz,socialism,1420075136
shroom_throwaway9722,Reus958,socialism,1420075167
lesslucid,Cognito12,politics,1420075192
King-Curtis,ScottyNuttz,politics,1420075194
fitzroy95,Splinxy,politics,1420075209
Rincewind_57,Sebaceous_Sebacious,politics,1420075211
AbouBenAdhem,masterbard1,worldnews,1420075218
shroom_throwaway9722,Reus958,socialism,1420075226
Freeze__,smeeyall,politics,1420075226
bankerman,sargunster,worldnews,1420075241
ShamanSTK,tehnets,worldnews,1420075254
mrdarrenh,neurn2,politics,1420075263
prosummobono,Explore_Uranus,worldnews,1420075263
Philophobie,silverstrikerstar,worldnews,1420075268
Jackissocool,sje46,socialism,1420075270
mrdarrenh,neurn2,politics,1420075271
berest,Pearlbuck,worldnews,1420075274
darthgarlic,shortbaldman,worldnews,1420075284
Jitan,shroom_throwaway9722,socialism,1420075311
FishstickIsles,2SP00KY4ME,worldnews,1420075334
crateguy,Brother_tempus,politics,1420075367
pullingthestringz,shroom_throwaway9722,socialism,1420075374
silverstrikerstar,Philophobie,worldnews,1420075375
socialismisbad,[deleted],worldnews,1420075379
raohthekenoh,GothicFuck,politics,1420075385
Kropotki,masterbard1,worldnews,1420075395
Frostiken,crateguy,politics,1420075449
fitzroy95,SuperGeometric,politics,1420075451
MisterBlack8,ridger5,politics,1420075464
kr613,vancooldude,worldnews,1420075469
azerbijean,NoMoreNicksLeft,worldnews,1420075478
JeRouleAvecOCB,jesuswantsbrains,worldnews,1420075486
Reus958,shroom_throwaway9722,socialism,1420075492
hilypo,Fractal_Soul,worldnews,1420075493
Cognito12,lesslucid,politics,1420075507
GunDefender,lnrstnr,politics,1420075516
Philophobie,Feldheld,worldnews,1420075538
JoeBidenBot,optimistic-taco,worldnews,1420075541
shroom_throwaway9722,pullingthestringz,socialism,1420075550
barrinmw,serg27,politics,1420075569
PowerSombrero,hypocriticalturtle,worldnews,1420075607
Newsdepressingme,[deleted],worldnews,1420075649
pullingthestringz,negroyverde,socialism,1420075649
JeRouleAvecOCB,ReverendEarthwormJim,worldnews,1420075651
Thucydides411,itsfineitsgreat,worldnews,1420075670
neurn2,mrdarrenh,politics,1420075686
stealthd,CaptJax,politics,1420075692
maximus14433,isaacbonyuet,worldnews,1420075714
SlimePrime,JeRouleAvecOCB,worldnews,1420075733
zzag842,nicksvr4,politics,1420075758
cryingbutdontknowwhy,AnEmortalKid,worldnews,1420075804
CivilityBeDamned,Erbun,politics,1420075812
jesuswantsbrains,JeRouleAvecOCB,worldnews,1420075841
spacedawg_ie,sickhippie,worldnews,1420075845
DogWhopperReturns,Polyscikosis,politics,1420075870
godiebiel,JackDragon,worldnews,1420075891
cagg333,killakyu5,worldnews,1420075914
CivilityBeDamned,nogoodliar,politics,1420075927
vancooldude,kr613,worldnews,1420075928
kim_bong_chill,hilypo,worldnews,1420075932
smeeyall,Freeze__,politics,1420075949
FosteredWill,ShamanSTK,worldnews,1420075952
ConservativeBoi,JCuc,politics,1420075959
[deleted],ShouldBeAnUpvoteGif,worldnews,1420075963
sigurbjorn1,EconomistsNeverSleep,worldnews,1420075967
LeDoucheBaguette,ancistrus,worldnews,1420075971
Tetragramatron,sirbruce,politics,1420075977
aknownunknown,diachi,worldnews,1420075982
pullingthestringz,shroom_throwaway9722,socialism,1420075997
zotquix,foxymcfox,politics,1420076016
kaizervonmaanen,JumpingJackJoe,worldnews,1420076017
Nyutriggaa,SuperGeometric,politics,1420076018
NihiloZero,chicofaraby,politics,1420076032
narrenburg,Rekthor,socialism,1420076033
realityengine,TurboRaptor,worldnews,1420076036
Facts_About_Cats,Trumbull,worldnews,1420076077
DogWhopperReturns,JoeyFNK,politics,1420076084
francis2559,justscottaustin,politics,1420076089
JCuc,ucantdeletethetruth,politics,1420076094
90brabus,Antony777,worldnews,1420076094
Ihmhi,Ar_Ciel,politics,1420076098
itsfineitsgreat,Thucydides411,worldnews,1420076108
lnrstnr,GunDefender,politics,1420076123
Erbun,CivilityBeDamned,politics,1420076163
ignorethisone,kr613,worldnews,1420076196
ShrimpFood,astronautdinosaur,worldnews,1420076203
[deleted],Sgt_45Bravo,worldnews,1420076203
CivilityBeDamned,Erbun,politics,1420076204
shroom_throwaway9722,pullingthestringz,socialism,1420076253
EconomistsNeverSleep,sigurbjorn1,worldnews,1420076266
hulksmashokayiwill,lolcrites,worldnews,1420076266
strawglass,MasterHerbologist,worldnews,1420076314
JeRouleAvecOCB,jesuswantsbrains,worldnews,1420076327
Niklasedg,ozontm,worldnews,1420076372
litper,ShouldBeAnUpvoteGif,worldnews,1420076383
[deleted],justmadethisok,worldnews,1420076407
MrZakalwe,Lard_Baron,worldnews,1420076417
Pearlbuck,berest,worldnews,1420076441
TaylorS1986,anti-utopian,socialism,1420076463
Idiom_Sir,Count_Spockula,worldnews,1420076531
Owyn_Merrilin,PM_ME_YR_ICLOUD_PICS,worldnews,1420076549
kr613,vancooldude,worldnews,1420076592
Immediately_Hostile,hashtagnoshame,politics,1420076614
cited,GunDefender,politics,1420076622
ameya2693,Let-Truth-Be-Told,worldnews,1420076626
mstrgrieves,HoliHandGrenades,worldnews,1420076654
JeRouleAvecOCB,SlimePrime,worldnews,1420076658
Gringo_Please,Lard_Baron,worldnews,1420076666
Wienerwrld,tayaro,worldnews,1420076696
IReallyLikePretzles,terryinsullivan,worldnews,1420076733
vancooldude,kr613,worldnews,1420076762
ChaosMotor,MemeBox,politics,1420076769
absspaghetti,ITSigno,worldnews,1420076777
olican101,on_the_crab,worldnews,1420076792
Erbun,CivilityBeDamned,politics,1420076805
pullingthestringz,shroom_throwaway9722,socialism,1420076814
serg27,barrinmw,politics,1420076820
socialismisbad,etherghost,worldnews,1420076823
aknownunknown,Kropotki,worldnews,1420076829
rollwit200276,WhatIsPants,politics,1420076841
soup2nuts,PsychoWorld,politics,1420076853
hilypo,kim_bong_chill,worldnews,1420076862
salton,bulaohu,worldnews,1420076886
JackiePollockBrown,CivilityBeDamned,politics,1420076902
diachi,aknownunknown,worldnews,1420076914
delphium226,Niklasedg,worldnews,1420076962
TallMagnolia,AllThatJazz,worldnews,1420076964
BLOODY_ANAL_VOMIT,MaxFreedomMoussa,worldnews,1420076979
Luzern_,aWarmSunnyDay,worldnews,1420077031
PsychoWorld,soup2nuts,politics,1420077057
Immediately_Hostile,hashtagnoshame,politics,1420077060
sploingue,bulaohu,worldnews,1420077066
JumpingJackJoe,kaizervonmaanen,worldnews,1420077071
shroom_throwaway9722,pullingthestringz,socialism,1420077075
Apep86,fracto73,worldnews,1420077075
Tsegen,atb5161,worldnews,1420077083
nogoodliar,CivilityBeDamned,politics,1420077090
Cognito12,Caanuck,politics,1420077108
Syncblock,ZachofFables,worldnews,1420077110
socialismisbad,TomatuAlus,worldnews,1420077111
Feldheld,Philophobie,worldnews,1420077130
keatonbug,shortbaldman,worldnews,1420077141
Photocurrent,SPLMN,worldnews,1420077192
soup2nuts,tedted8888,politics,1420077215
Lard_Baron,Gringo_Please,worldnews,1420077223
Z0di,Candlejaok,politics,1420077254
DocQuanta,Fittyakaferrari,politics,1420077257
Banaam,ptwonline,politics,1420077273
Ar_Ciel,Ihmhi,politics,1420077332
Bastardus_Obesus,TallMagnolia,worldnews,1420077348
MaxFreedomMoussa,BLOODY_ANAL_VOMIT,worldnews,1420077371
JoeBidenBot,socialismisbad,worldnews,1420077380
godiebiel,ShouldBeAnUpvoteGif,worldnews,1420077433
spammo5,Kilane,worldnews,1420077434
GothicFuck,raohthekenoh,politics,1420077435
wh173,sansaset,worldnews,1420077446
levian_durai,Ar_Ciel,politics,1420077476
shroom_throwaway9722,pullingthestringz,socialism,1420077483
holla_snackbar,dblmjr_loser,worldnews,1420077514
carebearSeaman,Niklasedg,worldnews,1420077543
herticalt,Kropotki,worldnews,1420077543
Brother_tempus,crateguy,politics,1420077552
leanrum,KnotPtelling,worldnews,1420077555
wh173,trrrrouble,worldnews,1420077564
Count_Spockula,Idiom_Sir,worldnews,1420077627
Freeman001,JCuc,politics,1420077634
Soton_Speed,Mageant,worldnews,1420077642
Pater-Familias,Brother_tempus,politics,1420077660
skipharrison,SoakerCity,worldnews,1420077668
Let-Truth-Be-Told,ameya2693,worldnews,1420077678
AfterShave92,AllThatJazz,worldnews,1420077700
chosens,Lard_Baron,worldnews,1420077701
TacticalOyster,Z0di,politics,1420077702
[deleted],TomatuAlus,worldnews,1420077716
shug7272,MsLotusLane,worldnews,1420077719
Splinxy,fitzroy95,politics,1420077739
Kropotki,herticalt,worldnews,1420077741
Kropotki,Jeffgoldbum,worldnews,1420077751
Liesmith,FirstPotato,worldnews,1420077758
VoilaVoilaWashington,socialismisbad,worldnews,1420077769
Learfz,HistoricaDeluxa,worldnews,1420077775
wh173,trrrrouble,worldnews,1420077823
landtank95,HistoricaDeluxa,worldnews,1420077837
HeathcliffHeathcliff,Brother_tempus,politics,1420077838
AndIPullOutMyNine,Chompchompers,worldnews,1420077847
Kilane,spammo5,worldnews,1420077848
ObamaBigBlackCaucus,ninja9875,worldnews,1420077870
fuzzbazz,nobunaga_1568,worldnews,1420077874
kaizervonmaanen,JumpingJackJoe,worldnews,1420077889
minidou,bulaohu,worldnews,1420077891
MrFlesh,refrigeratorbob,politics,1420077922
heybra210,neurn2,politics,1420077929
versusgorilla,ninjetron,politics,1420077941
DocGonzo13,badtwinboy,worldnews,1420077954
quiteintriguing,Kropotki,worldnews,1420078010
el_dongo,godiebiel,worldnews,1420078025
Ihmhi,Ar_Ciel,politics,1420078038
justscottaustin,francis2559,politics,1420078046
iKickComputers,KelsoKira,politics,1420078050
SkillthoLaggins,Cyberpunk_93,worldnews,1420078050
hashtagnoshame,Immediately_Hostile,politics,1420078085
Jeffgoldbum,Kropotki,worldnews,1420078138
VoilaVoilaWashington,AllThatJazz,worldnews,1420078154
KittyCommand0R,epod96,politics,1420078176
hurtsdonut_,Brainkey,worldnews,1420078190
GunDefender,lnrstnr,politics,1420078199
aroogu,Trumbull,worldnews,1420078206
Kropotki,quiteintriguing,worldnews,1420078210
HighDagger,mstrgrieves,worldnews,1420078212
Zigstyle,DarkBladeRunner,politics,1420078213
StewieTheThird,MONXYF,worldnews,1420078213
danny841,feedayeen,worldnews,1420078253
substandardgaussian,JamesMean,politics,1420078282
Viralmelon,hurtsdonut_,worldnews,1420078286
Incursus,NeatAnecdoteBrother,worldnews,1420078290
Cyberpunk_93,SkillthoLaggins,worldnews,1420078312
WhatIsPants,rollwit200276,politics,1420078312
kr613,vancooldude,worldnews,1420078377
ManyJoeys,Teh_Slayur,politics,1420078392
i_already_forgot,gangli0n,worldnews,1420078395
Brother_tempus,HeathcliffHeathcliff,politics,1420078398
MisuVir,aWarmSunnyDay,worldnews,1420078415
willwill54,strl,worldnews,1420078421
garyp714,tawzerozero,politics,1420078442
shroom_throwaway9722,Rekthor,socialism,1420078501
khanfusion,asianperswayze,worldnews,1420078505
Pearlbuck,Reckoner87,worldnews,1420078507
InternetOfficer,FishstickIsles,worldnews,1420078513
Lonsdaleite,CIKAFIUMPH,worldnews,1420078516
daimposter,ozontm,worldnews,1420078518
raohthekenoh,GothicFuck,politics,1420078552
moushoo,Reali5t,worldnews,1420078571
scottmill,chicofaraby,politics,1420078572
strl,willwill54,worldnews,1420078585
GunDefender,cited,politics,1420078610
hollaback_girl,Splinxy,politics,1420078626
soup2nuts,PsychoWorld,politics,1420078639
9minutetruth-penalty,RiSC1911,worldnews,1420078665
EllisHughTiger,rollwit200276,politics,1420078674
moushoo,9minutetruth-penalty,worldnews,1420078736
actionaaron,Ghenrich,worldnews,1420078748
canis_in_caelum,FishstickIsles,worldnews,1420078756
quiteintriguing,Kropotki,worldnews,1420078761
Lonsdaleite,90brabus,worldnews,1420078777
courk,Midnightbreeze1969,worldnews,1420078799
hashtagnoshame,Immediately_Hostile,politics,1420078824
gangli0n,i_already_forgot,worldnews,1420078854
Chazmer87,dmitri72,worldnews,1420078862
welfarecuban,brownribbon,worldnews,1420078874
daimposter,Niklasedg,worldnews,1420078965
trolluback,Kropotki,worldnews,1420078966
FortHouston,Mods_r_Reps,politics,1420078993
Imapopulistnow,DannyInternets,politics,1420078997
Brother_tempus,Pater-Familias,politics,1420079021
shortbaldman,keatonbug,worldnews,1420079032
monkeyn350z,Mods_r_Reps,politics,1420079081
herbertJblunt,Bastardus_Obesus,worldnews,1420079097
asianperswayze,khanfusion,worldnews,1420079099
JCuc,crateguy,politics,1420079108
Reckoner87,Pearlbuck,worldnews,1420079110
onechinesegirl,phlap,worldnews,1420079113
drewiepoodle,Mods_r_Reps,politics,1420079120
ksanthra,KarmaJewPurse,worldnews,1420079132
khanfusion,asianperswayze,worldnews,1420079167
Pdxlater,Kropotki,worldnews,1420079173
ddrddrddrddr,masterbard1,worldnews,1420079211
tommorrow,Toaka,worldnews,1420079222
canis_in_caelum,FishstickIsles,worldnews,1420079230
herbertJblunt,[deleted],worldnews,1420079230
shortbaldman,darthgarlic,worldnews,1420079310
PandaInAMazda,JackDragon,worldnews,1420079334
joggle1,paranormal_penguin,worldnews,1420079338
onechinesegirl,Explore_Uranus,worldnews,1420079339
DukeOfGeek,danny841,worldnews,1420079340
DaaaNK,MaltyBeverage,worldnews,1420079344
patientbearr,spinlock,politics,1420079366
theholyroller,jfosdyck,politics,1420079397
mstrgrieves,HighDagger,worldnews,1420079416
ksanthra,phlap,worldnews,1420079427
duhrew,rindindin,worldnews,1420079432
bermanji,strl,worldnews,1420079437
shortbaldman,flyingcitrus,worldnews,1420079455
c00ki3mnstr,DashFerLev,politics,1420079473
dave45,seemedlikeagoodplan,politics,1420079497
knowyourbrain,SoakerCity,worldnews,1420079501
hlycia,ak_2,worldnews,1420079516
Lonsdaleite,HoliHandGrenades,worldnews,1420079563
dmitchel0820,ItsHapppening,worldnews,1420079589
Mods_r_Reps,FortHouston,politics,1420079590
Escobeezy,Kropotki,worldnews,1420079598
youhaveaheartofgold,gloomdoom,worldnews,1420079606
The_sad_zebra,TZeh,worldnews,1420079624
LiberalHeimerdinger,BasedGodCometh,politics,1420079662
MisuVir,MyTFresh,worldnews,1420079665
Sebaceous_Sebacious,Rincewind_57,politics,1420079679
knowyourbrain,MONXYF,worldnews,1420079688
Firewind,renaldomoon,politics,1420079717
Nochek,c00ki3mnstr,politics,1420079722
Sit-Rep,privatly,worldnews,1420079759
CWAnik,Kropotki,geopolitics,1420079771
Freeze__,smeeyall,politics,1420079777
LiberalHeimerdinger,SuperGeometric,politics,1420079788
fitzroy95,Splinxy,politics,1420079789
HeathcliffHeathcliff,Brother_tempus,politics,1420079808
privatly,Sit-Rep,worldnews,1420079815
sirbruce,Tetragramatron,politics,1420079869
AmongstTheThugs,JazzerciseMaster,politics,1420079904
wqzu,masterbard1,worldnews,1420079909
LTerminus,CoochCaboose,politics,1420079921
MightierThanThou,eythian,worldnews,1420080024
TimeZarg,Z0di,politics,1420080042
herisee,Pokmonth,worldnews,1420080051
hydrgn,kelvin214,worldnews,1420080069
-ParticleMan-,caramal,politics,1420080070
Skrp,CommieCookie,worldnews,1420080100
pullingthestringz,shroom_throwaway9722,socialism,1420080108
Slakter,arjun10,socialism,1420080112
SuperGeometric,LiberalHeimerdinger,politics,1420080116
PsychoWorld,soup2nuts,politics,1420080138
Peter_Jennings_Lungs,chicofaraby,politics,1420080154
Obama__Lover2012,hypocriticalturtle,worldnews,1420080155
sjleader,pennyreader,worldnews,1420080163
pyrespirit,[deleted],worldnews,1420080187
ofarrizzle,knowyourbrain,worldnews,1420080188
Mods_r_Reps,drewiepoodle,politics,1420080209
JackDragon,PandaInAMazda,worldnews,1420080310
ReallyGene,Joocemann,politics,1420080336
frausting,co_radio,politics,1420080359
herisee,leanrum,worldnews,1420080367
darthgarlic,shortbaldman,worldnews,1420080393
speedisavirus,The_sad_zebra,worldnews,1420080398
Shatophiliac,AllThatJazz,worldnews,1420080417
truthtoday,Lonsdaleite,worldnews,1420080423
[deleted],canis_in_caelum,worldnews,1420080424
spinlock,patientbearr,politics,1420080463
Sit-Rep,privatly,worldnews,1420080474
watchout5,Splinxy,politics,1420080476
putupyourdukes,[deleted],worldnews,1420080522
Tetragramatron,sirbruce,politics,1420080549
Murtank,DrXaos,worldnews,1420080561
freerain,Deathspiral222,politics,1420080575
thebuccaneersden,bulaohu,worldnews,1420080579
Lonsdaleite,hawksaber,worldnews,1420080610
rikudemyx,Jeffgoldbum,worldnews,1420080614
pigsandpiglets,fishfishmonkeyhat,politics,1420080626
KaMiKaZePiG,Mods_r_Reps,politics,1420080642
thebuccaneersden,bulaohu,worldnews,1420080715
i_already_forgot,gangli0n,worldnews,1420080725
privatly,Sit-Rep,worldnews,1420080728
Lonsdaleite,truthtoday,worldnews,1420080780
pujuma,actionaaron,worldnews,1420080791
punk___as,slipaway,politics,1420080825
Los_Hombres_Los_Gato,Escobeezy,worldnews,1420080830
ogonperuna,seriousarcasm,worldnews,1420080844
ChiefBromden,hashtagnoshame,politics,1420080857
Sleekery,argv_minus_one,politics,1420080863
shortbaldman,darthgarlic,worldnews,1420080892
WilliamLooby,ghostofpennwast,worldnews,1420080902
Scattered_Disk,Kropotki,worldnews,1420080968
Dirty_Mike_n_da_Boyz,Kodiak_Marmoset,worldnews,1420080971
an_internet_denizen,[deleted],worldnews,1420081029
Zodiac13,FreshHaus,worldnews,1420081057
jpe77,chicofaraby,politics,1420081102
truthtoday,Lonsdaleite,worldnews,1420081110
iScreme,KarmaJewPurse,worldnews,1420081138
Jeffgoldbum,rikudemyx,worldnews,1420081153
Zodiac13,plentyofmelanin,worldnews,1420081155
HaieScildrinner,Splinxy,politics,1420081184
thebrothersswingin,DingleStew,politics,1420081192
bladezor,Imapopulistnow,politics,1420081210
TheBlackManBehindYou,realityengine,worldnews,1420081217
MoonJuiceSippa,PabstyLoudmouth,politics,1420081243
ComradeGnull,T_T_O_P,worldnews,1420081259
plentyofmelanin,Zodiac13,worldnews,1420081281
DurianMD,arjun10,socialism,1420081327
AltThink,-Enkara-,socialism,1420081355
Blind_Sypher,socialismisbad,worldnews,1420081379
Toastar_8,Dtgonzalez,worldnews,1420081400
an_internet_denizen,sarcasticalwit,worldnews,1420081400
GooeyPod,VoilaVoilaWashington,worldnews,1420081402
ITSigno,absspaghetti,worldnews,1420081416
ThirdFloorGreg,boredweare1,worldnews,1420081465
newaccountkonakona,MightierThanThou,worldnews,1420081471
Zodiac13,plentyofmelanin,worldnews,1420081478
Lonsdaleite,truthtoday,worldnews,1420081496
c00ki3mnstr,Nochek,politics,1420081514
NagastaBagamba,plentyofmelanin,worldnews,1420081529
Augustus_Trollus_III,herbertJblunt,worldnews,1420081546
cryingbutdontknowwhy,SuperNinjaBot,worldnews,1420081584
00000000000000000000,Alex-Muad_Dib,geopolitics,1420081592
goldgibbon,JackedAccountant,worldnews,1420081594
JumpingJazzJam,chicofaraby,politics,1420081613
no_expression,joggle1,worldnews,1420081636
Dracula7899,canyouhearme,worldnews,1420081659
sirbruce,Tetragramatron,politics,1420081682
PabstyLoudmouth,MoonJuiceSippa,politics,1420081684
Pater-Familias,[deleted],politics,1420081693
HorrorBecomesYou,chickenGpu,worldnews,1420081734
x1000Bums,GTChessplayer,worldnews,1420081810
HistoricaDeluxa,Learfz,worldnews,1420081811
spiritstone,i_already_forgot,worldnews,1420081821
rikudemyx,Jeffgoldbum,worldnews,1420081825
truthtoday,Lonsdaleite,worldnews,1420081831
CaptOblivious,CivilityBeDamned,politics,1420081855
urbanadultblunt,xboomer,worldnews,1420081880
Kropotki,CWAnik,geopolitics,1420081880
giantjesus,petricakerempuh,worldnews,1420081903
leanrum,herisee,worldnews,1420081903
see996able,bulaohu,worldnews,1420081912
helly3ah,baconatedwaffle,politics,1420081925
Yahweh_or_Noweh,madmac51,politics,1420081966
BrokeDickTater,jpe77,politics,1420082067
jesuswantsbrains,JeRouleAvecOCB,worldnews,1420082069
minizanz,oGsBumder,worldnews,1420082078
SoakerCity,skipharrison,worldnews,1420082092
mumblinmad,xYaska,worldnews,1420082115
BolshevikMuppet,tawzerozero,politics,1420082155
ShouldBeAnUpvoteGif,litper,worldnews,1420082170
jpe77,BrokeDickTater,politics,1420082206
JoshSidekick,Brother_tempus,politics,1420082230
velocide,Ghenrich,worldnews,1420082321
see996able,JackedAccountant,worldnews,1420082328
see996able,Scattered_Disk,worldnews,1420082344
herisee,leanrum,worldnews,1420082389
Lonsdaleite,truthtoday,worldnews,1420082413
MrGelowe,steelnuts,worldnews,1420082437
Jeffgoldbum,rikudemyx,worldnews,1420082479
Fonsiloco,Firefight352,politics,1420082500
Reus958,theboiledpeanuts,socialism,1420082518
tacos_4_all,arjun10,socialism,1420082593
Sgt_Stinger,Dragon029,politics,1420082679
StellarJayZ,jpe77,politics,1420082691
LiberalHeimerdinger,SuperGeometric,politics,1420082696
canis_in_caelum,[deleted],worldnews,1420082697
orru,MightierThanThou,worldnews,1420082708
Fonsiloco,Skinman,politics,1420082711
just_an_ordinary_guy,maxmasters360,socialism,1420082727
cited,GunDefender,politics,1420082771
Deez_Tig_Ol_Bitties,erwintatp,worldnews,1420082801
shitineedglasses,respect_cat,worldnews,1420082819
tikki_rox,Kropotki,socialism,1420082856
MessySantorum,mrdarrenh,politics,1420082873
Vermilion,KarmaJewPurse,worldnews,1420082949
JumpingJazzJam,PabstyLoudmouth,politics,1420082966
i_already_forgot,spiritstone,worldnews,1420082970
Ahbraham,Precursor2552,worldnews,1420083044
soup2nuts,PsychoWorld,politics,1420083065
LiberalHeimerdinger,[deleted],politics,1420083066
rikudemyx,Jeffgoldbum,worldnews,1420083073
Exitwoundz,jopesy,politics,1420083094
EggNun,WarPhalange,politics,1420083094
[deleted],Pater-Familias,politics,1420083097
shifty1032231,mrdarrenh,politics,1420083126
PabstyLoudmouth,JumpingJazzJam,politics,1420083133
vaguelyhuman,pullingthestringz,socialism,1420083159
HistoricaDeluxa,assclown3,worldnews,1420083177
justanotherwtf,HitlerWasASexyMofo,worldnews,1420083180
[deleted],herbertJblunt,worldnews,1420083208
fyberoptyk,MrFlesh,politics,1420083224
waste_gate,[deleted],worldnews,1420083233
Firefight352,Fonsiloco,politics,1420083233
illdoitnextweek,Slice847,politics,1420083259
Anon125,see996able,worldnews,1420083287
herbertJblunt,Augustus_Trollus_III,worldnews,1420083299
Zetalus,Imperator_Gallo,worldnews,1420083351
Lonsdaleite,fingeregg,worldnews,1420083372
jpe77,StellarJayZ,politics,1420083379
MaltyBeverage,DaaaNK,worldnews,1420083392
WisconsnNymphomaniac,myringotomy,politics,1420083410
portnux,Zodiac13,worldnews,1420083412
Zetalus,IONaut,worldnews,1420083471
herbertJblunt,[deleted],worldnews,1420083474
agnostic_reflex,ancistrus,worldnews,1420083475
lespinoza,billus580,worldnews,1420083477
Zetalus,[deleted],worldnews,1420083505
stormelemental13,psstwannabuyacarm8,worldnews,1420083573
44211T30009E7F5D1716,[deleted],worldnews,1420083574
CaptJax,thedurka,politics,1420083577
is_pissed_off,StewieTheThird,worldnews,1420083583
foldingcouch,x1000Bums,worldnews,1420083597
stormelemental13,Ragnrk,worldnews,1420083611
POGTFO,platinumarks,politics,1420083612
socrates_scrotum,LiberalHeimerdinger,politics,1420083616
ImInterested,Mdtion_is_Temporal,politics,1420083622
Voduar,WisconsnNymphomaniac,politics,1420083659
salmonjizz,magnomanx,socialism,1420083659
gex80,Aiskhulos,politics,1420083668
neurn2,Erbun,politics,1420083676
spankaway,gangli0n,worldnews,1420083691
DeafDumbBlindBoy,diskreet,politics,1420083706
acuratech31,billus580,worldnews,1420083732
fyberoptyk,Mods_r_Reps,politics,1420083735
shifty1032231,HeathcliffHeathcliff,politics,1420083736
NotReallyAGenie,HeathcliffHeathcliff,politics,1420083757
Zetalus,thegr8rambino13,worldnews,1420083778
ReallyCrunchy,pyrespirit,worldnews,1420083807
gerre,Argueforthesakeofit,socialism,1420083815
ajsdklf9df,ShouldBeAnUpvoteGif,worldnews,1420083842
Faldacor,lespinoza,worldnews,1420083843
memyselfandeye,Twiny,politics,1420083847
fyberoptyk,GraharG,politics,1420083854
truthtoday,Lonsdaleite,worldnews,1420083878
Zodiac13,portnux,worldnews,1420083894
Cronoadvan,LiberalHeimerdinger,politics,1420083914
Zetalus,Garpatron,worldnews,1420083914
Mods_r_Reps,fyberoptyk,politics,1420083947
Jeffgoldbum,rikudemyx,worldnews,1420083950
thataustguy,HBOXNW,worldnews,1420083999
IdBangSouthparkSatan,Blind_Sypher,worldnews,1420084009
canyouhearme,Dracula7899,worldnews,1420084014
scottmill,SuperGeometric,politics,1420084023
Skinman,Fonsiloco,politics,1420084046
CaptJax,stealthd,politics,1420084111
Four_Alarm,fyberoptyk,politics,1420084129
IReallyLikePretzles,reputable_opinion,worldnews,1420084132
spankaway,PrairieData,worldnews,1420084138
litper,ShouldBeAnUpvoteGif,worldnews,1420084152
GiveYourBestEffort,jpurdy,politics,1420084170
Zodiac13,DrBoomkin,worldnews,1420084188
soup2nuts,Brother_tempus,politics,1420084192
scottmill,c00ki3mnstr,politics,1420084211
BrokeDickTater,jpe77,politics,1420084211
HunterTAMUC,_WhatIsReal_,worldnews,1420084212
drewiepoodle,PabstyLoudmouth,politics,1420084221
Glblwrmingisfak,GunDefender,politics,1420084222
fyberoptyk,Mods_r_Reps,politics,1420084239
__DocHopper__,Astraea_M,worldnews,1420084280
FridaKahlosEyebrows,feedayeen,worldnews,1420084293
Urethra_of_a_Horse,kr613,worldnews,1420084304
chinese_horse,nmagod,worldnews,1420084317
FortHouston,PabstyLoudmouth,politics,1420084319
Rocketsponge,Isoyama,worldnews,1420084320
[deleted],herbertJblunt,worldnews,1420084325
litper,Z0di,politics,1420084336
ShiftyEyedPotato,CoochCaboose,politics,1420084358
Z0di,youropinionman420,politics,1420084371
insane_contin,LTerminus,politics,1420084375
Zetalus,_WhatIsReal_,worldnews,1420084395
RaikerCat,minidou,worldnews,1420084400
drewiepoodle,MoonJuiceSippa,politics,1420084409
mushyninja,kinisonkhan,worldnews,1420084488
Rock_N_Rye,VoilaVoilaWashington,worldnews,1420084497
WisconsnNymphomaniac,Voduar,politics,1420084503
PabstyLoudmouth,FortHouston,politics,1420084508
paranormal_penguin,joggle1,worldnews,1420084520
SolidBlues,tacos_4_all,socialism,1420084548
PabstyLoudmouth,drewiepoodle,politics,1420084569
[deleted],Escobeezy,worldnews,1420084583
smeeyall,Freeze__,politics,1420084600
Kropotki,tikki_rox,socialism,1420084610
co_radio,frausting,politics,1420084616
[deleted],Mods_r_Reps,politics,1420084629
sploingue,chinese_horse,worldnews,1420084631
YeastOfBuccaFlats,FosteredWill,worldnews,1420084633
Isoyama,Rocketsponge,worldnews,1420084669
JoeBidenBot,someaustralian,worldnews,1420084741
shifty1032231,bankerman,politics,1420084742
Mccalltx,IgorForHire,worldnews,1420084763
[deleted],keatonbug,worldnews,1420084777
MarsMJD,godiebiel,worldnews,1420084786
fantasyfest,lilrabbitfoofoo,politics,1420084851
Mods_r_Reps,fyberoptyk,politics,1420084853
JasonMacker,vaguerant100,socialism,1420084856
moakus,see996able,worldnews,1420084866
fyberoptyk,justscottaustin,politics,1420084886
Pater-Familias,[deleted],politics,1420084896
spiritstone,i_already_forgot,worldnews,1420084904
ak_2,danny841,worldnews,1420084911
nmagod,chinese_horse,worldnews,1420084925
Wolf-Head,pencilrain99,worldnews,1420084946
andyfox1979,Deathspiral222,politics,1420084966
pyrespirit,ReallyCrunchy,worldnews,1420084971
hoodatninja,Frux7,worldnews,1420084980
metasophie,Faldacor,worldnews,1420085046
fyberoptyk,Mods_r_Reps,politics,1420085046
keatonbug,[deleted],worldnews,1420085060
explohd,socrates_scrotum,politics,1420085067
Gryphon0468,MrGelowe,worldnews,1420085082
image_linker_bot,Gryphon0468,worldnews,1420085091
hashtagnoshame,ChiefBromden,politics,1420085096
Four_Alarm,Cantordammerung,politics,1420085114
MarsMJD,wh173,worldnews,1420085139
RogueHelios,Amphabian,politics,1420085139
scottmill,the_real_rs,politics,1420085151
Gryphon0468,image_linker_bot,worldnews,1420085153
Exitwoundz,rattacat,politics,1420085179
[deleted],LiberalHeimerdinger,politics,1420085186
Captain_Dodo,jpurdy,politics,1420085192
bankerman,KRAZYKNIGHT,politics,1420085193
kstinfo,EllisHughTiger,politics,1420085202
vaguerant100,JasonMacker,socialism,1420085226
Lonsdaleite,truthtoday,worldnews,1420085285
[deleted],ItsHapppening,worldnews,1420085289
drewiepoodle,PabstyLoudmouth,politics,1420085307
TrueVCU,ptashark,worldnews,1420085329
Stormflux,Azsu,politics,1420085342
kr613,Urethra_of_a_Horse,worldnews,1420085345
Rontagosh,Yanrogue,worldnews,1420085356
Shoudlaz,Kropotki,worldnews,1420085376
DingleStew,thebrothersswingin,politics,1420085377
MrGelowe,Gryphon0468,worldnews,1420085382
chupchap,oldsecondhand,worldnews,1420085405
jpe77,BrokeDickTater,politics,1420085416
baseacegoku,billus580,worldnews,1420085430
belikralj,pachanko,worldnews,1420085451
[deleted],Pater-Familias,politics,1420085480
tacos_4_all,SolidBlues,socialism,1420085488
x1000Bums,foldingcouch,worldnews,1420085498
Mods_r_Reps,fyberoptyk,politics,1420085509
scottmill,SuperGeometric,politics,1420085510
MaxFreedomMoussa,RufusTheFirefly,worldnews,1420085529
CswBizzel,ptashark,worldnews,1420085565
drewiepoodle,Jakeable,politics,1420085598
LiberalHeimerdinger,[deleted],politics,1420085609
Pater-Familias,[deleted],politics,1420085690
slipaway,punk___as,politics,1420085706
dragead,justscottaustin,politics,1420085721
sesstreets,ShiftyEyedPotato,politics,1420085725
ShouldBeAnUpvoteGif,litper,worldnews,1420085728
LiberalHeimerdinger,socrates_scrotum,politics,1420085734
JasonMacker,vaguerant100,socialism,1420085767
fantasyfest,Four_Alarm,politics,1420085786
Canada_girl,DannyInternets,politics,1420085789
KamSolusar,Feldheld,worldnews,1420085790
[deleted],no1ninja,worldnews,1420085797
ss6sam6,Voduar,worldnews,1420085806
LiberalHeimerdinger,socrates_scrotum,politics,1420085846
ptashark,TrueVCU,worldnews,1420085855
Rocketsponge,Isoyama,worldnews,1420085866
oomellieoo,hseldon10,worldnews,1420085883
gloubenterder,servohahn,worldnews,1420085896
luigivampa-over9000,TrueVCU,worldnews,1420085936
parkerknoll,fantasyfest,politics,1420085937
MoshpitAtABBAShow,DrakenKorrine,socialism,1420085938
BrokeDickTater,jpe77,politics,1420085939
FrenchFriesFriday,XXLpeanuts,worldnews,1420085948
socrates_scrotum,LiberalHeimerdinger,politics,1420085948
Jakeable,drewiepoodle,politics,1420085955
frausting,co_radio,politics,1420085975
darthgarlic,shortbaldman,worldnews,1420086004
not_a_gov_employee,Yanrogue,worldnews,1420086014
Rinnosuke,RogueHelios,politics,1420086038
fyberoptyk,Mods_r_Reps,politics,1420086045
Shiznot,TimeZarg,politics,1420086051
NYGreenandwhite,President-Jeb-Bush,worldnews,1420086053
truthtoday,Lonsdaleite,worldnews,1420086085
shroom_throwaway9722,pullingthestringz,socialism,1420086087
SolidBlues,tacos_4_all,socialism,1420086088
metalbladex4,bigmaclt77,worldnews,1420086088
0xD153A53,Isakill,politics,1420086093
SolidBlues,Sergeant_Static,socialism,1420086121
Dracula7899,canyouhearme,worldnews,1420086162
drewiepoodle,Jakeable,politics,1420086172
Mods_r_Reps,[deleted],politics,1420086178
CswBizzel,ptashark,worldnews,1420086186
LiberalHeimerdinger,socrates_scrotum,politics,1420086190
litper,ShouldBeAnUpvoteGif,worldnews,1420086201
PabstyLoudmouth,drewiepoodle,politics,1420086220
vintruvian,Abomination822,worldnews,1420086224
Jakeable,drewiepoodle,politics,1420086226
[deleted],Mods_r_Reps,politics,1420086231
Fonsiloco,Firefight352,politics,1420086239
watchout5,rahowa1488,politics,1420086249
zusamenentegen,Doubledogs,worldnews,1420086263
jpurdy,GiveYourBestEffort,politics,1420086294
TrueVCU,ptashark,worldnews,1420086298
superjerk,gex80,politics,1420086319
BrokeDickTater,jpe77,politics,1420086334
[deleted],LiberalHeimerdinger,politics,1420086342
LiberalHeimerdinger,explohd,politics,1420086349
SuperGeometric,scottmill,politics,1420086368
uncannylizard,Voduar,worldnews,1420086374
socrates_scrotum,LiberalHeimerdinger,politics,1420086394
drewiepoodle,Jakeable,politics,1420086397
TrueVCU,luigivampa-over9000,worldnews,1420086402
Jakeable,drewiepoodle,politics,1420086419
AlphaEnder,tikki_rox,socialism,1420086423
Troppin,Obama__Lover2012,worldnews,1420086434
jzpenny,PM_ME_YR_ICLOUD_PICS,worldnews,1420086440
brainlips,sickofthisshit,politics,1420086452
trimalchio420,Druchiiii,politics,1420086465
uncannylizard,petricakerempuh,worldnews,1420086470
justscottaustin,dragead,politics,1420086472
tastytreats04,fyberoptyk,politics,1420086486
Sirfranco4,killakyu5,worldnews,1420086542
Troppin,fyberoptyk,worldnews,1420086545
Munstered,Four_Alarm,politics,1420086552
LiberalHeimerdinger,socrates_scrotum,politics,1420086553
Kawaii-,see996able,worldnews,1420086572
uncannylizard,darkhamer,worldnews,1420086572
AltThink,sillandria,socialism,1420086592
DrBoooobs,not_a_gov_employee,worldnews,1420086626
Ginger_the_Dog,francis2559,politics,1420086629
socrates_scrotum,LiberalHeimerdinger,politics,1420086633
Minxie,MarsMJD,worldnews,1420086649
Munstered,Four_Alarm,politics,1420086653
jpurdy,Captain_Dodo,politics,1420086684
DurianMD,mhl67,socialism,1420086705
scottmill,SuperGeometric,politics,1420086705
Vulpyne,AllThatJazz,worldnews,1420086711
raptor3x,Yahweh_or_Noweh,politics,1420086739
ShouldBeAnUpvoteGif,litper,worldnews,1420086748
SwordPen,haroldle,worldnews,1420086759
Erbun,neurn2,politics,1420086779
LazyCon,Fittyakaferrari,politics,1420086790
TooMuchButtHair,danny841,worldnews,1420086810
Mods_r_Reps,fyberoptyk,politics,1420086811
sillandria,AltThink,socialism,1420086853
DrakenKorrine,MoshpitAtABBAShow,socialism,1420086859
5thGraderLogic,knuatf,worldnews,1420086871
VentingSalmon,3dx4d,worldnews,1420086883
LiberalHeimerdinger,[deleted],politics,1420086929
ForgottenEcho,thenlar,worldnews,1420086932
GoogleNoAgenda,[deleted],geopolitics,1420086942
oomellieoo,metasophie,worldnews,1420086978
ceddya,Obama__Lover2012,worldnews,1420087015
fyberoptyk,Troppin,worldnews,1420087021
OatSquares,Cadvin,worldnews,1420087022
AltThink,sillandria,socialism,1420087047
drewiepoodle,PabstyLoudmouth,politics,1420087054
Shoudlaz,pixartist,worldnews,1420087089
[deleted],LiberalHeimerdinger,politics,1420087097
i_already_forgot,spiritstone,worldnews,1420087097
prometheanbane,maxmasters360,socialism,1420087125
sillandria,AltThink,socialism,1420087128
BraveSquirrel,MessySantorum,politics,1420087134
scottmill,slipaway,politics,1420087139
paredown,Kropotki,geopolitics,1420087147
Its42,pixartist,worldnews,1420087157
fyberoptyk,tastytreats04,politics,1420087162
shroom_throwaway9722,TaylorS1986,socialism,1420087167
LiberalHeimerdinger,socrates_scrotum,politics,1420087192
MarsMJD,Minxie,worldnews,1420087195
bergie321,tdmiami,politics,1420087209
LiberalHeimerdinger,[deleted],politics,1420087230
midnightduo1,why_the_love,worldnews,1420087254
PM_ME_YOUR_BOURBON,StarbuckPirate,worldnews,1420087266
lordx3n0saeon,giantjesus,worldnews,1420087294
StarbuckPirate,PM_ME_YOUR_BOURBON,worldnews,1420087302
socrates_scrotum,LiberalHeimerdinger,politics,1420087316
co_radio,frausting,politics,1420087326
[deleted],LiberalHeimerdinger,politics,1420087327
litper,ShouldBeAnUpvoteGif,worldnews,1420087333
Earthborn92,canis_in_caelum,worldnews,1420087338
clic45,joshthecynic,politics,1420087341
Troppin,fyberoptyk,worldnews,1420087398
Mods_r_Reps,[deleted],politics,1420087411
dj3v3n,RealRepub,politics,1420087427
luigivampa-over9000,TrueVCU,worldnews,1420087449
giantjesus,[deleted],worldnews,1420087454
gex80,superjerk,politics,1420087465
Chairman-Meeow,socrates_scrotum,politics,1420087474
clic45,memyselfandeye,politics,1420087483
loxidon,shortbaldman,worldnews,1420087487
Tetragramatron,sirbruce,politics,1420087516
Minxie,MarsMJD,worldnews,1420087523
TrueVCU,luigivampa-over9000,worldnews,1420087530
socrates_scrotum,Chairman-Meeow,politics,1420087555
fantasyfest,parkerknoll,politics,1420087561
poophead_,DrBoooobs,worldnews,1420087570
4ringcircus,RogueHelios,politics,1420087579
[deleted],Mods_r_Reps,politics,1420087597
shroom_throwaway9722,Reus958,socialism,1420087598
hawksaber,Lonsdaleite,worldnews,1420087618
4ringcircus,Amphabian,politics,1420087656
zekebaldinger,LiberalHeimerdinger,politics,1420087664
portnux,Zodiac13,worldnews,1420087674
JRutterbush,Z0di,politics,1420087684
PabstyLoudmouth,drewiepoodle,politics,1420087719
astrofreak92,ak_2,worldnews,1420087745
Thoctar,65473279257913756257,socialism,1420087750
HunterTAMUC,redforeman55,worldnews,1420087750
LiberalHeimerdinger,socrates_scrotum,politics,1420087779
sephstorm,mushroomwig,worldnews,1420087783
canis_in_caelum,Earthborn92,worldnews,1420087804
shroom_throwaway9722,prometheanbane,socialism,1420087825
ResidentDirtbag,SolidBlues,socialism,1420087884
slipaway,scottmill,politics,1420087902
Voduar,WisconsnNymphomaniac,politics,1420087935
the_raucous_one,ThickTarget,worldnews,1420087972
Abomination822,vintruvian,worldnews,1420087985
NYGreenandwhite,Shoudlaz,worldnews,1420088012
Mods_r_Reps,[deleted],politics,1420088015
Dracula7899,Shoudlaz,worldnews,1420088031
needconfirmation,Yanrogue,worldnews,1420088037
LiberalHeimerdinger,[deleted],politics,1420088063
Voduar,ss6sam6,worldnews,1420088067
Voduar,uncannylizard,worldnews,1420088097
ShouldBeAnUpvoteGif,litper,worldnews,1420088097
joshthecynic,clic45,politics,1420088141
frausting,co_radio,politics,1420088143
De_Facto,Troppin,worldnews,1420088152
kit8642,[deleted],politics,1420088159
APeacefulWarrior,Clarence_Bodiker,politics,1420088165
the_real_rs,scottmill,politics,1420088183
tau-lepton,Captain_Dodo,politics,1420088188
Vio_,bergie321,politics,1420088194
socrates_scrotum,LiberalHeimerdinger,politics,1420088202
tau-lepton,PabstyLoudmouth,politics,1420088216
CaptJax,SuperGeometric,politics,1420088250
Rockstaru,LiberalHeimerdinger,politics,1420088257
sippingrapedrank,TheBlackManBehindYou,worldnews,1420088277
De_Facto,GumdropGoober,worldnews,1420088290
ViscomteEcureuil,mrprok,worldnews,1420088316
Drooperdoo,Canada_girl,politics,1420088338
francis2559,justscottaustin,politics,1420088347
RoundSimbacca,TimeZarg,politics,1420088370
RageoftheMonkey,SolidBlues,socialism,1420088376
KikiFlowers,darthgarlic,worldnews,1420088381
mushroomwig,sephstorm,worldnews,1420088402
Algebrace,canis_in_caelum,worldnews,1420088412
bjos144,[deleted],worldnews,1420088419
fyberoptyk,Mods_r_Reps,politics,1420088424
LiberalHeimerdinger,explohd,politics,1420088436
Jerithil,fyberoptyk,worldnews,1420088443
drewiepoodle,PabstyLoudmouth,politics,1420088445
SuperGeometric,CaptJax,politics,1420088445
[deleted],giantjesus,worldnews,1420088471
[deleted],GoogleNoAgenda,geopolitics,1420088510
eruiure,muffler48,worldnews,1420088511
LiberalHeimerdinger,Rockstaru,politics,1420088525
ak_2,astrofreak92,worldnews,1420088545
BellyFloppinChubs,arjun10,socialism,1420088557
Jeevadees,T_T_O_P,worldnews,1420088569
varietygamer,kelvin214,worldnews,1420088590
spaceace2000,Headlesshorsesemen,worldnews,1420088598
Computer_Name,MaxFreedomMoussa,worldnews,1420088624
fyberoptyk,Jerithil,worldnews,1420088665
RageoftheMonkey,shroom_throwaway9722,socialism,1420088667
ak11,Zodiac13,worldnews,1420088676
TheMania,Dirt_McGirt_,worldnews,1420088687
co_radio,frausting,politics,1420088695
Tobikaj,MisuVir,worldnews,1420088705
Caanuck,Cognito12,politics,1420088706
ak11,common_s3nse,worldnews,1420088715
[deleted],bulaohu,worldnews,1420088735
fyberoptyk,Troppin,worldnews,1420088758
CaliBuddz,DeaconNuno,politics,1420088762
bikerwalla,TheSnowNinja,politics,1420088790
Troppin,De_Facto,worldnews,1420088792
Computer_Name,truthtoday,worldnews,1420088801
Washuchan73,masterbard1,worldnews,1420088806
argv_minus_one,Sleekery,politics,1420088837
AltThink,commanderspoonface,socialism,1420088844
Jerithil,fyberoptyk,worldnews,1420088845
addictedtoRdrugs,Voduar,worldnews,1420088846
Computer_Name,Lonsdaleite,worldnews,1420088846
RageoftheMonkey,Moontouch,socialism,1420088851
PabstyLoudmouth,drewiepoodle,politics,1420088875
Electroguy,hydrgn,worldnews,1420088890
LiberalHeimerdinger,socrates_scrotum,politics,1420088931
Musingmike,Psandysdad,worldnews,1420089016
c00ki3mnstr,scottmill,politics,1420089027
De_Facto,Minxie,worldnews,1420089066
Voduar,addictedtoRdrugs,worldnews,1420089069
fyberoptyk,Jerithil,worldnews,1420089110
Lonsdaleite,Computer_Name,worldnews,1420089129
MaxFreedomMoussa,Computer_Name,worldnews,1420089180
Turnc0at,somerandomguy03,worldnews,1420089199
duhrew,Garbageman_1997,worldnews,1420089250
bikerwalla,ronbron,politics,1420089256
drewiepoodle,PabstyLoudmouth,politics,1420089263
Computer_Name,Lonsdaleite,worldnews,1420089286
CivilityBeDamned,CaptOblivious,politics,1420089321
Washuchan73,Cyberpunk_93,worldnews,1420089350
LiberalHeimerdinger,bergie321,politics,1420089363
intensely_human,cryingbutdontknowwhy,worldnews,1420089392
socrates_scrotum,LiberalHeimerdinger,politics,1420089443
CivilityBeDamned,justjustjust,politics,1420089491
duhrew,Toastar_8,worldnews,1420089512
CivilityBeDamned,nogoodliar,politics,1420089520
addictedtoRdrugs,drunkredneck2,worldnews,1420089527
Musingmike,AntiNeoLiberal,worldnews,1420089531
ssjbaez,morphinedreams,worldnews,1420089555
rubbertire,argv_minus_one,politics,1420089559
CivilityBeDamned,JackiePollockBrown,politics,1420089594
sickofthisshit,brainlips,politics,1420089595
Lonsdaleite,hawksaber,worldnews,1420089625
argv_minus_one,rubbertire,politics,1420089645
OtterTenet,[deleted],worldnews,1420089656
LiberalHeimerdinger,socrates_scrotum,politics,1420089696
Lonsdaleite,truthtoday,worldnews,1420089701
thegr8rambino13,Zetalus,worldnews,1420089714
raava_,aWarmSunnyDay,worldnews,1420089726
foldingcouch,x1000Bums,worldnews,1420089747
Mods_r_Reps,fyberoptyk,politics,1420089749
RichardMHP,APeacefulWarrior,politics,1420089754
XXLpeanuts,FrenchFriesFriday,worldnews,1420089771
frausting,co_radio,politics,1420089780
drunkredneck2,addictedtoRdrugs,worldnews,1420089789
WisconsnNymphomaniac,Voduar,politics,1420089792
Problem119V-0800,not_a_gov_employee,worldnews,1420089815
atlasing,shroom_throwaway9722,socialism,1420089828
not_anyone,LiberalHeimerdinger,politics,1420089829
CivilityBeDamned,Erbun,politics,1420089830
Trojbd,[deleted],worldnews,1420089866
SeptimusSette,Kropotki,worldnews,1420089903
zhantongz,kelvin214,worldnews,1420089921
APeacefulWarrior,Four_Alarm,politics,1420089943
atlasing,[deleted],socialism,1420089954
astrofreak92,ak_2,worldnews,1420089958
Jerithil,fyberoptyk,worldnews,1420089962
Solacen,Queentoad1,worldnews,1420089988
SeekTruthFromFacts,varietygamer,worldnews,1420089991
FuckinNiceKitty,[deleted],worldnews,1420090005
SeekTruthFromFacts,Sporkfish,worldnews,1420090011
Cole7rain,delphium226,worldnews,1420090032
listeningwind42,Lonsdaleite,worldnews,1420090042
geckos100,TheCareBear42,socialism,1420090060
SuperGeometric,defdrago,politics,1420090063
Cole7rain,has-13,worldnews,1420090064
not_anyone,LiberalHeimerdinger,politics,1420090079
flamingboard,IdBangSouthparkSatan,worldnews,1420090093
dbcspace,Problem119V-0800,worldnews,1420090095
Queentoad1,Solacen,worldnews,1420090151
commanderspoonface,AltThink,socialism,1420090166
rubbertire,argv_minus_one,politics,1420090177
Turkeytacobuttcheese,FridaKahlosEyebrows,worldnews,1420090186
not_anyone,dragead,politics,1420090190
kern_q1,gloomdoom,worldnews,1420090194
thestonedkoala,punk___as,politics,1420090215
FuckinNiceKitty,Toaka,worldnews,1420090221
[deleted],atlasing,socialism,1420090224
BellyFloppinChubs,shroom_throwaway9722,socialism,1420090237
Voduar,WisconsnNymphomaniac,politics,1420090243
LiberalHeimerdinger,not_anyone,politics,1420090281
LiberalHeimerdinger,not_anyone,politics,1420090299
De_Facto,Troppin,worldnews,1420090317
cagg333,XXLpeanuts,worldnews,1420090358
Reus958,shroom_throwaway9722,socialism,1420090390
Rdwomack2,ptashark,worldnews,1420090411
socrates_scrotum,LiberalHeimerdinger,politics,1420090414
tikki_rox,Kropotki,socialism,1420090434
atlasing,[deleted],socialism,1420090465
defdrago,SuperGeometric,politics,1420090480
LiberalHeimerdinger,socrates_scrotum,politics,1420090501
VectorDotZero,SuperGeometric,politics,1420090520
socrates_scrotum,LiberalHeimerdinger,politics,1420090549
LiberalHeimerdinger,kevalry,politics,1420090583
[deleted],Trojbd,worldnews,1420090600
AltThink,sillandria,socialism,1420090620
KillTheSEP,Sergeant_Static,socialism,1420090624
fyberoptyk,Mods_r_Reps,politics,1420090634
ThickTarget,the_raucous_one,worldnews,1420090648
OccupyJumpStreet,Four_Alarm,politics,1420090655
argv_minus_one,rubbertire,politics,1420090660
kevalry,socrates_scrotum,politics,1420090674
vaguerant100,JasonMacker,socialism,1420090679
_-dO_Ob-_,baseacegoku,worldnews,1420090719
Timaz,Monkeyfeng,worldnews,1420090756
APeacefulWarrior,scottmill,politics,1420090769
kern_q1,B_afraid,worldnews,1420090770
KillTheSEP,tacos_4_all,socialism,1420090785
AltThink,sillandria,socialism,1420090836
LiberalHeimerdinger,socrates_scrotum,politics,1420090901
Lonsdaleite,Computer_Name,worldnews,1420090909
common_s3nse,ak11,worldnews,1420090917
hessians4hire,almostagolfer,worldnews,1420090918
EconomistsNeverSleep,agnostic_reflex,worldnews,1420090926
CivilityBeDamned,rollwit200276,politics,1420090940
CivilityBeDamned,EllisHughTiger,politics,1420090976
mrevergood,Amphabian,politics,1420090988
CelicetheGreat,PM_ME_YOUR_BOURBON,worldnews,1420091060
KillTheSEP,AltThink,socialism,1420091064
KillTheSEP,AltThink,socialism,1420091086
socrates_scrotum,LiberalHeimerdinger,politics,1420091087
zhantongz,SeekTruthFromFacts,worldnews,1420091109
iwantabetterjob,mgearliosus,worldnews,1420091146
Sergeant_Static,KillTheSEP,socialism,1420091147
Narian,SuperGeometric,politics,1420091150
tacos_4_all,KillTheSEP,socialism,1420091156
kevalry,LiberalHeimerdinger,politics,1420091156
Nyutriggaa,oldie101,politics,1420091184
KillTheSEP,tacos_4_all,socialism,1420091197
ptashark,Rdwomack2,worldnews,1420091208
RitzBitzN,humansdotget_i,worldnews,1420091234
critfist,DeviMon1,worldnews,1420091235
KillTheSEP,Sergeant_Static,socialism,1420091277
TheDuke07,DannyInternets,politics,1420091317
Timaz,avaslash,worldnews,1420091332
scottmill,c00ki3mnstr,politics,1420091382
joggle1,no_expression,worldnews,1420091401
demintheAF,De_Facto,worldnews,1420091427
CIKAFIUMPH,Lonsdaleite,worldnews,1420091429
vaguerant100,Kropotki,worldnews,1420091454
Zetalus,thegr8rambino13,worldnews,1420091455
sticklight414,GumdropGoober,worldnews,1420091467
yaminub,2LateImDead,worldnews,1420091477
bermanji,Lard_Baron,worldnews,1420091486
killakyu5,cagg333,worldnews,1420091489
Jigsawbilly,Dracula7899,worldnews,1420091491
killakyu5,Sirfranco4,worldnews,1420091521
LiberalHeimerdinger,kevalry,politics,1420091554
TheDuke07,APeacefulWarrior,politics,1420091554
Vladmur,[deleted],worldnews,1420091554
awvery,tonydiethelm,worldnews,1420091562
Sergeant_Static,KillTheSEP,socialism,1420091565
oxybandit,Kropotki,worldnews,1420091576
tigersharkwushen_,dark_prophet,worldnews,1420091577
Psyclair,vaguerant100,worldnews,1420091587
LiberalHeimerdinger,socrates_scrotum,politics,1420091611
vaguerant100,MasterHerbologist,worldnews,1420091617
Astralfreak,canis_in_caelum,worldnews,1420091640
socrates_scrotum,LiberalHeimerdinger,politics,1420091666
TheDuke07,nogoodliar,politics,1420091671
demintheAF,Shoudlaz,worldnews,1420091677
Mandarion,StarbuckPirate,worldnews,1420091726
AntiNeoLiberal,Musingmike,worldnews,1420091740
oxybandit,Tony_AbbottPBUH,worldnews,1420091746
[deleted],LiberalHeimerdinger,politics,1420091758
AltThink,commanderspoonface,socialism,1420091914
TryHarderSon,hurtsdonut_,worldnews,1420091970
De_Facto,demintheAF,worldnews,1420091976
Bobert_Fico,[deleted],worldnews,1420092047
mauxly,helly3ah,politics,1420092074
joggle1,paranormal_penguin,worldnews,1420092091
DocQuanta,[deleted],politics,1420092138
Lonsdaleite,listeningwind42,worldnews,1420092144
tacos_4_all,KillTheSEP,socialism,1420092234
BrosenkranzKeef,enceladus7,worldnews,1420092246
De_Facto,Kropotki,worldnews,1420092256
Euronomus,LiberalHeimerdinger,politics,1420092278
JasonMacker,vaguerant100,socialism,1420092285
lfgbrd,enceladus7,worldnews,1420092326
isolatedpawn22,giantjesus,worldnews,1420092331
niptits,Anon125,worldnews,1420092343
co_radio,frausting,politics,1420092345
Kropotki,paredown,geopolitics,1420092361
iceblademan,Yanrogue,worldnews,1420092366
Voduar,MelAlton,worldnews,1420092366
neurn2,Erbun,politics,1420092380
speedisavirus,diachi,worldnews,1420092396
commanderspoonface,AltThink,socialism,1420092398
WisconsnNymphomaniac,Voduar,politics,1420092403
socrates_scrotum,LiberalHeimerdinger,politics,1420092425
TrynnaFindaBalance,Yaver_Mbizi,worldnews,1420092428
Bobert_Fico,oldsecondhand,worldnews,1420092434
dnLoL,dark_prophet,worldnews,1420092465
DesertFox1986,SoakerCity,worldnews,1420092470
Voduar,WisconsnNymphomaniac,politics,1420092475
Voduar,Kind_Of_A_Dick,worldnews,1420092555
pastafusilli,ItayMeir,worldnews,1420092555
pcurve,9minutetruth-penalty,worldnews,1420092576
Mandarion,critfist,worldnews,1420092576
Dubyaz,actionaaron,worldnews,1420092578
prometheanbane,shroom_throwaway9722,socialism,1420092591
MadDogMccree,flamingboard,worldnews,1420092616
LiberalHeimerdinger,[deleted],politics,1420092625
DroidsRugly,Vishal18,worldnews,1420092643
AmongstTheThugs,EllisHughTiger,politics,1420092667
speedisavirus,SeptimusSette,worldnews,1420092690
BlackOpz,scottmill,politics,1420092702
demintheAF,De_Facto,worldnews,1420092714
AltThink,KillTheSEP,socialism,1420092714
MisuVir,PandaInAMazda,worldnews,1420092714
LiberalHeimerdinger,Euronomus,politics,1420092723
5thGraderLogic,iceblademan,worldnews,1420092754
Reali5t,moushoo,worldnews,1420092804
5thGraderLogic,StarbuckPirate,worldnews,1420092813
PsychoWorld,soup2nuts,politics,1420092829
kern_q1,Bannedfromfun,worldnews,1420092879
DocQuanta,vanillathunder12,politics,1420092885
Astralfreak,canis_in_caelum,worldnews,1420092897
thunderbootyclap,ronbron,politics,1420092899
WisconsnNymphomaniac,Voduar,politics,1420092900
I_AM_Achilles,dbcspace,worldnews,1420092901
agomezian,canis_in_caelum,worldnews,1420092923
Roxfall,CswBizzel,worldnews,1420092924
Dusii,mstrgrieves,worldnews,1420092948
enceladus7,BrosenkranzKeef,worldnews,1420092949
LeFromageQc,indepth666,worldnews,1420092953
Rdwomack2,ptashark,worldnews,1420092979
MrFlesh,fyberoptyk,politics,1420092984
Confused_Collective,AntiNeoLiberal,worldnews,1420093020
XXLpeanuts,cagg333,worldnews,1420093024
thatsmrdickface,BlackOpz,politics,1420093024
enceladus7,lfgbrd,worldnews,1420093027
iamaquantumcomputer,varietygamer,worldnews,1420093059
TheDuke07,bankerman,politics,1420093071
Dusii,Lonsdaleite,worldnews,1420093085
litper,ShouldBeAnUpvoteGif,worldnews,1420093116
soup2nuts,PsychoWorld,politics,1420093171
on_the_crab,olican101,worldnews,1420093186
NoMoreNicksLeft,azerbijean,worldnews,1420093191
FosteredWill,YeastOfBuccaFlats,worldnews,1420093194
LeCrushinator,oxybandit,worldnews,1420093221
Dusii,Lonsdaleite,worldnews,1420093239
iamaquantumcomputer,why_the_love,worldnews,1420093247
gzip_this,chukymeow,worldnews,1420093252
kaw97,PixelBlaster,worldnews,1420093253
shroom_throwaway9722,zardwiz,socialism,1420093265
AltThink,KillTheSEP,socialism,1420093278
genjix,Psyclair,worldnews,1420093302
CheesewithWhine,kevalry,politics,1420093316
MadDogMccree,see996able,worldnews,1420093350
thipp,VoilaVoilaWashington,worldnews,1420093352
scottmill,BlackOpz,politics,1420093384
WrongAssumption,SoakerCity,worldnews,1420093384
ShouldBeAnUpvoteGif,litper,worldnews,1420093390
fyberoptyk,MrFlesh,politics,1420093422
Lucidview,LtFrankDrebin,worldnews,1420093448
aussiequestions,Timaz,worldnews,1420093450
belovedkid,MyersVandalay,worldnews,1420093462
MrFlesh,fyberoptyk,politics,1420093489
readitour,herbertJblunt,politics,1420093493
litper,ShouldBeAnUpvoteGif,worldnews,1420093514
socrates_scrotum,LiberalHeimerdinger,politics,1420093519
belovedkid,Bronam,worldnews,1420093534
GnomeyGustav,Cronoadvan,politics,1420093554
ShouldBeAnUpvoteGif,nogoodliar,politics,1420093590
mhl67,DurianMD,socialism,1420093600
LeCrushinator,danny841,worldnews,1420093609
Yosarian2,sagard,worldnews,1420093630
Quantization,WeaversReply,worldnews,1420093642
[deleted],SWIMsfriend,worldnews,1420093659
Tutublade,thebuccaneersden,worldnews,1420093691
ShouldBeAnUpvoteGif,litper,worldnews,1420093692
PsychoWorld,soup2nuts,politics,1420093698
LiberalHeimerdinger,CheesewithWhine,politics,1420093714
Maritalrelations,MrVop,politics,1420093717
litper,ShouldBeAnUpvoteGif,worldnews,1420093743
fyberoptyk,MrFlesh,politics,1420093744
colonel_ives,sarcasticalwit,worldnews,1420093749
earvid,3dx4d,worldnews,1420093752
christ0ph,MessySantorum,politics,1420093770
vanillathunder12,DocQuanta,politics,1420093814
bman214,sickofthisshit,politics,1420093821
AltThink,KillTheSEP,socialism,1420093841
kr0kodil,ForestKing,worldnews,1420093850
Fatkungfuu,flamingboard,worldnews,1420093857
PandaCavalry,mrprok,worldnews,1420093859
suparokr,trimalchio420,politics,1420093893
IamCosmonaut,KillTheSEP,socialism,1420093897
[deleted],Musingmike,worldnews,1420093897
ShouldBeAnUpvoteGif,litper,worldnews,1420093906
striderplus111,newoldwave,worldnews,1420093913
tayaravaknin,De_Facto,worldnews,1420093921
GumdropGoober,De_Facto,worldnews,1420093922
justanotherwtf,BoatMontmorency,worldnews,1420093937
BrosenkranzKeef,enceladus7,worldnews,1420093947
RaikerCat,TheNewSheckel,worldnews,1420094004
BentAxel,oomellieoo,worldnews,1420094034
-Enkara-,commanderspoonface,socialism,1420094041
christ0ph,[deleted],politics,1420094042
LiberalHeimerdinger,socrates_scrotum,politics,1420094047
narnith93,DeviMon1,worldnews,1420094063
bankerman,TheDuke07,politics,1420094103
ghostofpennwast,WilliamLooby,worldnews,1420094109
Alarmed_Ferret,intensely_human,worldnews,1420094140
tayaravaknin,Murgie,worldnews,1420094147
LiberalHeimerdinger,socrates_scrotum,politics,1420094199
tako9,ddrddrddrddr,worldnews,1420094208
justanotherwtf,ptashark,worldnews,1420094242
IndianDude-51,buzzit292,worldnews,1420094269
socrates_scrotum,LiberalHeimerdinger,politics,1420094290
tayaravaknin,De_Facto,worldnews,1420094295
ridger5,MisterBlack8,politics,1420094313
onlyblackguyonreddit,[deleted],worldnews,1420094313
3dx4d,VentingSalmon,worldnews,1420094331
turroflux,gamep01nt,worldnews,1420094367
BoatMontmorency,justanotherwtf,worldnews,1420094377
Invient,BraveSquirrel,politics,1420094384
DocQuanta,socrates_scrotum,politics,1420094394
NoMoreNicksLeft,Voduar,worldnews,1420094401
ChiefHodor,saffra1,worldnews,1420094407
ignorethisone,vaguerant100,worldnews,1420094410
socrates_scrotum,LiberalHeimerdinger,politics,1420094414
GunDefender,cited,politics,1420094435
ridger5,lilrabbitfoofoo,politics,1420094465
TuggieInventor_AMA,Blind_Sypher,worldnews,1420094480
suparokr,diptheria,politics,1420094489
Absered,demintheAF,worldnews,1420094492
OtterTenet,SeptimusSette,worldnews,1420094495
WraithPDX,SeeMyThumb,politics,1420094505
ignorethisone,Psyclair,worldnews,1420094512
Four_Alarm,OccupyJumpStreet,politics,1420094565
lolcrites,somerandomguy03,worldnews,1420094606
MrFlesh,fyberoptyk,politics,1420094623
ignorethisone,Trumbull,worldnews,1420094670
christ0ph,LiberalHeimerdinger,politics,1420094678
9minutetruth-penalty,JollyRoler,worldnews,1420094680
[deleted],DroidsRugly,worldnews,1420094713
sge_fan,EllisHughTiger,politics,1420094721
nixonrichard,LiberalHeimerdinger,politics,1420094725
Headlesshorsesemen,spaceace2000,worldnews,1420094738
christ0ph,socrates_scrotum,politics,1420094786
sge_fan,CivilityBeDamned,politics,1420094799
9minutetruth-penalty,demintheAF,worldnews,1420094821
photoddgrapher,SocialJusticeZombie1,worldnews,1420094857
Ehnaton1,DeviMon1,worldnews,1420094858
atrich,VoilaVoilaWashington,worldnews,1420094875
socrates_scrotum,LiberalHeimerdinger,politics,1420094880
KRAZYKNIGHT,bankerman,politics,1420094896
De_Facto,tayaravaknin,worldnews,1420094901
PointOfFingers,bulaohu,worldnews,1420094901
Tupples-,lolcrites,worldnews,1420094904
enceladus7,BrosenkranzKeef,worldnews,1420094928
Unggoy_Soldier,mirh,worldnews,1420094940
tako9,9minutetruth-penalty,worldnews,1420094947
shroom_throwaway9722,Kropotki,socialism,1420094950
fyberoptyk,MrFlesh,politics,1420094951
SWIMsfriend,[deleted],worldnews,1420094952
Cyridius,JasonMacker,socialism,1420094961
shroom_throwaway9722,prometheanbane,socialism,1420094988
christ0ph,LiberalHeimerdinger,politics,1420095010
De_Facto,GumdropGoober,worldnews,1420095014
danliberty,LiberalHeimerdinger,politics,1420095072
mrjderp,argv_minus_one,politics,1420095082
taki2007,Abohir,worldnews,1420095086
Lonsdaleite,CIKAFIUMPH,worldnews,1420095095
De_Facto,tayaravaknin,worldnews,1420095124
LiberalHeimerdinger,christ0ph,politics,1420095170
critfist,reputable_opinion,worldnews,1420095176
Four_Alarm,Munstered,politics,1420095182
[deleted],MessySantorum,politics,1420095211
______DEADPOOL______,TheTruthHurtsU,worldnews,1420095243
harry_hotspur,morrotuber,geopolitics,1420095243
Cyridius,IamCosmonaut,socialism,1420095247
spaceace2000,Headlesshorsesemen,worldnews,1420095304
Lonsdaleite,Dusii,worldnews,1420095333
m0r14rty,moakus,worldnews,1420095340
Computer_Name,Ahbraham,worldnews,1420095344
Troppin,De_Facto,worldnews,1420095374
Wolpfack,mauxly,politics,1420095386
StateYourBusiness,samuraii889,worldnews,1420095388
[deleted],Invient,politics,1420095391
AltThink,commanderspoonface,socialism,1420095401
Ar_Ciel,levian_durai,politics,1420095402
Vandalay1ndustries,christ0ph,politics,1420095412
BRB_Im_Making_Toast,Sporkfish,worldnews,1420095442
Japroo,Troppin,worldnews,1420095488
kiddikiddi,Zheng_Hucel-Ge,worldnews,1420095493
bankerman,KRAZYKNIGHT,politics,1420095521
GoogleOpenLetter,Yanrogue,worldnews,1420095545
Ar_Ciel,Ihmhi,politics,1420095555
welcome2screwston,De_Facto,worldnews,1420095569
eaturbrainz,Dracula7899,worldnews,1420095570
Invient,co_radio,politics,1420095579
nogoodliar,ShouldBeAnUpvoteGif,politics,1420095581
Funky_Groove,mrdarrenh,politics,1420095590
shroom_throwaway9722,[deleted],socialism,1420095619
Gbam,VoilaVoilaWashington,worldnews,1420095626
RangerDanger10,cae388,socialism,1420095629
ptashark,justanotherwtf,worldnews,1420095637
chunes,JumpinJackHTML5,politics,1420095642
NYGreenandwhite,el_dongo,worldnews,1420095696
shuishou,Monkeyfeng,worldnews,1420095718
StateYourBusiness,DrBoomkin,worldnews,1420095721
Voduar,WisconsnNymphomaniac,politics,1420095721
cae388,RangerDanger10,socialism,1420095743
newoldwave,comet3popeye,politics,1420095746
Funky_Groove,BraveSquirrel,politics,1420095750
[deleted],SWIMsfriend,worldnews,1420095768
demintheAF,9minutetruth-penalty,worldnews,1420095776
ResidentDirtbag,load-more-comments__,worldnews,1420095780
Four_Alarm,Munstered,politics,1420095785
melissa1987,MrMumbo,worldnews,1420095806
zahrul3,Lucidview,worldnews,1420095818
Munstered,Four_Alarm,politics,1420095831
demintheAF,Absered,worldnews,1420095842
Voduar,NoMoreNicksLeft,worldnews,1420095858
Motherdiedtoday,Remember_M3,worldnews,1420095885
RangerDanger10,cae388,socialism,1420095897
Just_Call_Me_Cactus,StarbuckPirate,worldnews,1420095934
cxn,MasterHerbologist,worldnews,1420095939
thisisshantzz,DroidsRugly,worldnews,1420095941
Lonsdaleite,Dusii,worldnews,1420095944
diptheria,DeaconNuno,politics,1420095946
CarolusMagnus,shuishou,worldnews,1420095955
Ape_Rapist,MessySantorum,politics,1420095966
KillTheSEP,tacos_4_all,socialism,1420095976
JasonMacker,Cyridius,socialism,1420095993
KillTheSEP,Sergeant_Static,socialism,1420096003
MrFlesh,fyberoptyk,politics,1420096013
tayaravaknin,De_Facto,worldnews,1420096017
thiosk,atrich,worldnews,1420096047
Aresmar,not_anyone,politics,1420096069
shroom_throwaway9722,atlasing,socialism,1420096069
Hoooooooar,Master_Builder,worldnews,1420096073
Todda468,MrMumbo,worldnews,1420096074
tayaravaknin,De_Facto,worldnews,1420096081
[deleted],Dremord,worldnews,1420096083
Headlesshorsesemen,spaceace2000,worldnews,1420096089
christ0ph,MessySantorum,politics,1420096098
KillTheSEP,AltThink,socialism,1420096099
ninja9875,ObamaBigBlackCaucus,worldnews,1420096134
tomorrowsanewday45,Yahweh_or_Noweh,politics,1420096140
LiberalHeimerdinger,danliberty,politics,1420096149
9minutetruth-penalty,demintheAF,worldnews,1420096161
kaloonzu,canyouhearme,worldnews,1420096164
Funky_Groove,[deleted],politics,1420096192
muffler48,eruiure,worldnews,1420096194
sunbolts,christ0ph,politics,1420096195
JewBear48,869689698,worldnews,1420096199
KillTheSEP,AltThink,socialism,1420096205
Yarddogkodabear,TheInfected,worldnews,1420096211
reputable_opinion,critfist,worldnews,1420096219
commanderspoonface,AltThink,socialism,1420096257
Azsu,Stormflux,politics,1420096295
shroom_throwaway9722,RageoftheMonkey,socialism,1420096300
Cyrius,Toastar_8,worldnews,1420096301
Exitwoundz,retiredknight,politics,1420096306
argv_minus_one,mrjderp,politics,1420096315
commanderspoonface,-Enkara-,socialism,1420096329
fyberoptyk,MrFlesh,politics,1420096334
openzeus,Fatkungfuu,worldnews,1420096339
EmperorSexy,MisuVir,worldnews,1420096346
KRAZYKNIGHT,bankerman,politics,1420096354
agnostic_reflex,EconomistsNeverSleep,worldnews,1420096356
JollyRoler,9minutetruth-penalty,worldnews,1420096376
Funky_Groove,ctindel,politics,1420096379
thinkforaminute,Cronoadvan,politics,1420096380
Four_Alarm,DannyInternets,politics,1420096386
Stormflux,Azsu,politics,1420096390
jacxy,Fittyakaferrari,politics,1420096450
JewBear48,MightierThanThou,worldnews,1420096454
EgyptianNational,NoHorseInThisRace,worldnews,1420096469
gavers,Toaka,worldnews,1420096495
narrenburg,c0mbobreaker,socialism,1420096505
jdmulloy,Invient,politics,1420096519
Funky_Groove,christ0ph,politics,1420096538
Sergeant_Static,KillTheSEP,socialism,1420096539
Pizza_Akbar,Bobert_Fico,worldnews,1420096553
Tyronis3,see996able,worldnews,1420096558
headphase,PandaInAMazda,worldnews,1420096562
Pizza_Akbar,Vladmur,worldnews,1420096579
shemihazazel,[deleted],politics,1420096580
LiberalHeimerdinger,socrates_scrotum,politics,1420096591
toofine,shuishou,worldnews,1420096608
Funky_Groove,[deleted],politics,1420096614
Dremord,[deleted],worldnews,1420096618
jdmulloy,christ0ph,politics,1420096624
JewBear48,ignorethisone,worldnews,1420096719
YeastOfBuccaFlats,FosteredWill,worldnews,1420096724
Viscerid,Yanrogue,worldnews,1420096729
Funky_Groove,christ0ph,politics,1420096754
nogoodliar,CivilityBeDamned,politics,1420096768
JewBear48,ACloseCaller,worldnews,1420096781
EgyptianNational,DroidsRugly,worldnews,1420096784
Iceborg9,DopeTheSmokeMan,worldnews,1420096792
LiberalHeimerdinger,christ0ph,politics,1420096809
Funky_Groove,christ0ph,politics,1420096822
Erbun,neurn2,politics,1420096829
pujuma,spankaway,worldnews,1420096829
Mr_Dr_Prof_Derp,PM_ME_YOUR_BOURBON,worldnews,1420096830
MrFlesh,fyberoptyk,politics,1420096836
gavers,o1498,worldnews,1420096841
LiberalHeimerdinger,nixonrichard,politics,1420096857
LiberalHeimerdinger,socrates_scrotum,politics,1420096880
LiberalHeimerdinger,socrates_scrotum,politics,1420096900
Helium_3,Remember_M3,worldnews,1420096908
Spanner_Magnet,I_AM_Achilles,worldnews,1420096909
Poltras,LiberalHeimerdinger,politics,1420096921
thro_way,heybra210,politics,1420096924
TThor,PM_ME_YOUR_BOURBON,worldnews,1420096967
christ0ph,Funky_Groove,politics,1420096982
cancelyourcreditcard,El_Q,politics,1420096984
Four_Alarm,Munstered,politics,1420096986
Unleash_the_Donkey,deathfantasy,worldnews,1420096992
fyberoptyk,MrFlesh,politics,1420097001
Zodiac13,portnux,worldnews,1420097006
canis_in_caelum,agomezian,worldnews,1420097012
RealStumbleweed,someaustralian,worldnews,1420097016
clhines4,jkin310,worldnews,1420097020
Zodiac13,ak11,worldnews,1420097035
pi3141592653589,thisisshantzz,worldnews,1420097036
alalalalong,ThatAngryGnome,worldnews,1420097050
[deleted],LiberalHeimerdinger,politics,1420097064
Blackgeesus,fush_n_chops,worldnews,1420097077
Helium_3,MisuVir,worldnews,1420097080
moanerific,JStancombe,politics,1420097085
shroom_throwaway9722,ResidentDirtbag,socialism,1420097089
christ0ph,sunbolts,politics,1420097097
Azsu,Stormflux,politics,1420097112
Voduar,Just_Call_Me_Cactus,worldnews,1420097122
gavers,9minutetruth-penalty,worldnews,1420097132
lolfail9001,goodstorydan,worldnews,1420097136
cancelyourcreditcard,totallyunmotivated,politics,1420097137
renegadecanuck,Ginger_the_Dog,politics,1420097137
DrNick2012,kiddikiddi,worldnews,1420097144
Reus958,JewBear48,worldnews,1420097149
awindwaker,h3lme7,worldnews,1420097164
tacos_4_all,KillTheSEP,socialism,1420097169
174,ROFLQuad,worldnews,1420097186
MrFlesh,fyberoptyk,politics,1420097197
systemlord,ppfjr0728,politics,1420097213
Sockol,shadowvanned,worldnews,1420097228
jkin310,clhines4,worldnews,1420097259
IVEMIND,DopeTheSmokeMan,worldnews,1420097274
renegadecanuck,Levitlame,politics,1420097280
kaloonzu,Lonsdaleite,worldnews,1420097284
Murgie,tayaravaknin,worldnews,1420097299
ResidentDirtbag,shroom_throwaway9722,socialism,1420097306
Nocturniquet,[deleted],worldnews,1420097371
renegadecanuck,Wolpfack,politics,1420097373
o1498,Gotebe,worldnews,1420097390
cancelyourcreditcard,MrVop,politics,1420097398
shuishou,CarolusMagnus,worldnews,1420097415
mauxly,Wolpfack,politics,1420097422
shroom_throwaway9722,Rekthor,socialism,1420097433
almostagolfer,hessians4hire,worldnews,1420097451
kiddikiddi,DrNick2012,worldnews,1420097456
GalacticEarwax,BoatMontmorency,worldnews,1420097471
BrokeDickTater,Funky_Groove,politics,1420097500
kaloonzu,Obama__Lover2012,worldnews,1420097516
Buck-Nasty,Confused_Collective,worldnews,1420097527
uncannylizard,StateYourBusiness,worldnews,1420097528
ThatAngryGnome,alalalalong,worldnews,1420097546
feedayeen,Funky_Groove,politics,1420097560
Stormflux,Azsu,politics,1420097607
Cyridius,JasonMacker,socialism,1420097614
cancelyourcreditcard,co_radio,politics,1420097646
[deleted],Confused_Collective,worldnews,1420097656
confiq,9minutetruth-penalty,worldnews,1420097659
Apep86,Syncblock,worldnews,1420097660
PsychoWorld,insane_contin,politics,1420097662
renegadecanuck,ptwonline,politics,1420097682
socrates_scrotum,LiberalHeimerdinger,politics,1420097694
cancelyourcreditcard,co_radio,politics,1420097698
MaxxBreak,MessySantorum,politics,1420097725
IamCosmonaut,Cyridius,socialism,1420097748
cancelyourcreditcard,co_radio,politics,1420097751
smallstepforman,Problem119V-0800,worldnews,1420097761
spyder728,steelnuts,worldnews,1420097773
_JayJ,lolcrites,worldnews,1420097796
canis_in_caelum,Astralfreak,worldnews,1420097806
fleker2,MemeBox,politics,1420097816
shroom_throwaway9722,ResidentDirtbag,socialism,1420097847
DocQuanta,vanillathunder12,politics,1420097853
dkman22,LazyCon,politics,1420097861
hessians4hire,almostagolfer,worldnews,1420097863
Apep86,Minxie,worldnews,1420097869
headphase,pencilrain99,worldnews,1420097871
totallyunmotivated,cancelyourcreditcard,politics,1420097886
[deleted],Dremord,worldnews,1420097888
ResidentDirtbag,shroom_throwaway9722,socialism,1420097897
i_like_turtles_,MessySantorum,politics,1420097923
agomezian,canis_in_caelum,worldnews,1420097954
christ0ph,Vandalay1ndustries,politics,1420097962
cae388,RangerDanger10,socialism,1420097963
bassplayer02,StateYourBusiness,worldnews,1420097988
TheRadicalAntichrist,KillTheSEP,socialism,1420097995
Paladin4Life,TopPriority193,worldnews,1420097996
CaptOblivious,CivilityBeDamned,politics,1420098001
jackblack2323,DeviMon1,worldnews,1420098024
beejayyy,_96_,worldnews,1420098026
brainlips,sickofthisshit,politics,1420098026
LiberalHeimerdinger,[deleted],politics,1420098026
cae388,zardwiz,socialism,1420098054
AnonSocialist,Jackissocool,socialism,1420098057
KillTheSEP,tacos_4_all,socialism,1420098097
marishtar,MessySantorum,politics,1420098125
EmperorSexy,kelvin214,worldnews,1420098126
morphinedreams,MrMumbo,worldnews,1420098126
KillTheSEP,Sergeant_Static,socialism,1420098126
cae388,salmonjizz,socialism,1420098139
DrNick2012,kiddikiddi,worldnews,1420098219
justanotherwtf,ptashark,worldnews,1420098223
Monkeyfeng,shuishou,worldnews,1420098265
ReyechMac,PM_ME_YOUR_BOURBON,worldnews,1420098274
OccupyJumpStreet,Four_Alarm,politics,1420098289
daschande,Uncomfortabletruth12,worldnews,1420098311
SunglassesDan,oomellieoo,worldnews,1420098319
tree_problems,PixelBlaster,worldnews,1420098321
Shoudlaz,Its42,worldnews,1420098348
Shoudlaz,demintheAF,worldnews,1420098352
MultiJanus,iceblademan,worldnews,1420098371
Dimzorz,PM_ME_YOUR_BOURBON,worldnews,1420098389
ItayMeir,pastafusilli,worldnews,1420098399
King-Curtis,retiredknight,politics,1420098400
BrosenkranzKeef,enceladus7,worldnews,1420098401
Cyberpunk_93,Washuchan73,worldnews,1420098401
MisterBlack8,ridger5,politics,1420098412
RangerDanger10,cae388,socialism,1420098421
fastredb,Themosthumble,worldnews,1420098422
shroom_throwaway9722,JasonMacker,socialism,1420098429
hempev,smirdolt,worldnews,1420098442
justanotherwtf,BoatMontmorency,worldnews,1420098451
sirus20x6,YayCookiesForever,politics,1420098471
Sergeant_Static,KillTheSEP,socialism,1420098472
tacos_4_all,KillTheSEP,socialism,1420098488
shroom_throwaway9722,Cyridius,socialism,1420098489
canis_in_caelum,agomezian,worldnews,1420098495
Amestrius,jdmulloy,politics,1420098499
DexterKillsMrWhite,TallMagnolia,worldnews,1420098505
retiredknight,King-Curtis,politics,1420098508
MetalOrganism,TopPriority193,worldnews,1420098533
iamacheapskate,sploingue,worldnews,1420098542
CoruFresh,RaikerCat,worldnews,1420098574
aranasyn,ridger5,politics,1420098585
ghostofpennwast,DeviMon1,worldnews,1420098603
avaslash,Timaz,worldnews,1420098622
enceladus7,BrosenkranzKeef,worldnews,1420098656
looktowindward,Reus958,worldnews,1420098680
YouHaveNoRights,scottmill,politics,1420098685
looktowindward,Kind_Of_A_Dick,worldnews,1420098694
HamBiscuit,EllisHughTiger,politics,1420098699
shroom_throwaway9722,ResidentDirtbag,socialism,1420098719
renegadecanuck,PoweredBySoy,politics,1420098734
Artificecoyote,fyberoptyk,politics,1420098744
599GTO,spyder728,worldnews,1420098769
retiredknight,Exitwoundz,politics,1420098775
looktowindward,gavers,worldnews,1420098788
iamacheapskate,bulaohu,worldnews,1420098795
pods_and_cigarettes,LTerminus,politics,1420098812
morphinedreams,MrMumbo,worldnews,1420098878
EatingSteak,retiredknight,politics,1420098892
Tatalebuj,Bobert_Fico,worldnews,1420098910
Pray2bigbong,qaqa1,worldnews,1420098926
pods_and_cigarettes,PsychoWorld,politics,1420098953
SigSour40,PM_ME_YOUR_BOURBON,worldnews,1420098961
renegadecanuck,_Billups_,politics,1420098980
CIKAFIUMPH,Lonsdaleite,worldnews,1420099035
JasonMacker,Cyridius,socialism,1420099040
[deleted],Ragark,socialism,1420099083
Jigsawbilly,EgyptianNational,worldnews,1420099096
El_Q,cancelyourcreditcard,politics,1420099103
iamacheapskate,thebuccaneersden,worldnews,1420099116
spyder728,599GTO,worldnews,1420099141
Rockstaru,illdoitnextweek,politics,1420099230
iamacheapskate,maqij,worldnews,1420099260
[deleted],LiberalHeimerdinger,politics,1420099285
DeaconNuno,diptheria,politics,1420099361
YouHaveNoRights,centipedophile,politics,1420099365
Barzano,Nine_Gates,politics,1420099378
FEARoperative,Vladthewarrior,worldnews,1420099388
StateYourBusiness,uncannylizard,worldnews,1420099390
bl4ckblooc420,morphinedreams,worldnews,1420099402
continuousQ,MrMumbo,worldnews,1420099414
iceblademan,c_for,worldnews,1420099416
bl4ckblooc420,Paladin4Life,worldnews,1420099424
caeroe,VentingSalmon,worldnews,1420099456
Vladthewarrior,FEARoperative,worldnews,1420099462
GumdropGoober,De_Facto,worldnews,1420099470
Sayting,MetalOrganism,worldnews,1420099488
Morgc,Deadleggg,worldnews,1420099521
rikudemyx,totallyclips,worldnews,1420099524
[deleted],beejayyy,worldnews,1420099537
Helium_3,bittopia,worldnews,1420099553
thegr8rambino13,Zetalus,worldnews,1420099562
ShadowStealer7,MrGelowe,worldnews,1420099579
kantstopoldmanrivers,crasspy,politics,1420099617
[deleted],Aiolus,worldnews,1420099625
JasonMacker,ResidentDirtbag,socialism,1420099682
axnjackson11,reputable_opinion,worldnews,1420099691
Peter_Pancakes,sippingrapedrank,worldnews,1420099694
Tatalebuj,cxn,worldnews,1420099702
duuuh,Nocturniquet,worldnews,1420099719
_Mason,SecureThoughts,worldnews,1420099742
Helium_3,Psyclair,worldnews,1420099742
orionrose,zekebaldinger,politics,1420099748
load-more-comments__,ResidentDirtbag,worldnews,1420099774
AndyDap,dannorcart,worldnews,1420099786
existentialdude,totallyclips,worldnews,1420099796
xeest,see996able,worldnews,1420099812
WhynotstartnoW,see996able,worldnews,1420099816
TheDarkLordOfViacom,Sergeant_Static,socialism,1420099823
dmacisabeast,KittyCommand0R,politics,1420099831
ShadowStealer7,Xuttuh,worldnews,1420099850
GUYS_im_srsly,Billybob2345,worldnews,1420099865
LovableContrarian,bulaohu,worldnews,1420100018
what_are_you_smoking,WAR_T0RN1226,worldnews,1420100064
Timaz,avaslash,worldnews,1420100069
Josie1234,GoogleOpenLetter,worldnews,1420100091
varietygamer,SeekTruthFromFacts,worldnews,1420100098
reputable_opinion,axnjackson11,worldnews,1420100099
Veneroso,DopeTheSmokeMan,worldnews,1420100112
TheRadicalAntichrist,fozzymo2,socialism,1420100117
[deleted],shroom_throwaway9722,socialism,1420100134
chupchap,joblessnerd,worldnews,1420100158
theboiledpeanuts,Reus958,socialism,1420100172
tikketyboo,CliffordSnypes,worldnews,1420100256
JamesIsAwkward,[deleted],worldnews,1420100281
DystopiaMan,sunwayman,worldnews,1420100287
Amestrius,Amphabian,politics,1420100290
farararara,francis2559,politics,1420100293
KillTheSEP,Sergeant_Static,socialism,1420100325
mrjderp,argv_minus_one,politics,1420100328
TheDark1,RaikerCat,worldnews,1420100338
KillTheSEP,tacos_4_all,socialism,1420100352
lfgbrd,enceladus7,worldnews,1420100383
thepotatoman23,Calvincoolman,politics,1420100392
BoatCat,Themosthumble,worldnews,1420100411
Kabouki,MetalOrganism,worldnews,1420100449
fatcity,bl4ckblooc420,worldnews,1420100453
Rincewind_57,LTerminus,politics,1420100473
TheDark1,bulaohu,worldnews,1420100536
amplifierworship,pullingthestringz,socialism,1420100538
BoatCat,trot-trot,worldnews,1420100554
fozzymo2,TheRadicalAntichrist,socialism,1420100565
acolyte_jin,sippingrapedrank,worldnews,1420100585
defan752,Just_Call_Me_Cactus,worldnews,1420100609
morphinedreams,totallyclips,worldnews,1420100621
Grendelpuss,ihatemovingparts,worldnews,1420100631
Yancy_Farnesworth,ThickTarget,worldnews,1420100648
maqij,iamacheapskate,worldnews,1420100653
Uncomfortabletruth12,daschande,worldnews,1420100691
reste,Anon125,worldnews,1420100710
rydan,realityengine,worldnews,1420100759
EconMan,christ0ph,politics,1420100765
9minutetruth-penalty,gavers,worldnews,1420100780
moushoo,Reali5t,worldnews,1420100810
Pullo_T,DopeTheSmokeMan,worldnews,1420100821
Spider-Pug,redforeman55,worldnews,1420100829
Mandarion,giantjesus,worldnews,1420100844
rydan,ExtremeReadit,worldnews,1420100860
Pullo_T,thelawnranger,worldnews,1420100860
castafobe,lit0st,worldnews,1420100866
vintruvian,Abomination822,worldnews,1420100874
Amestrius,argv_minus_one,politics,1420100889
ug2215,Yahweh_or_Noweh,politics,1420100952
carlsaischa,axnjackson11,worldnews,1420100968
uncannylizard,StateYourBusiness,worldnews,1420101035
[deleted],LiberalHeimerdinger,politics,1420101044
PigNamedBenis,shortbaldman,worldnews,1420101071
Tactineck,Mandarion,worldnews,1420101079
Mandarion,iTomes,worldnews,1420101100
crateguy,justjustjust,politics,1420101125
dobiks,DeviMon1,worldnews,1420101125
DoDraper,Uncomfortabletruth12,worldnews,1420101136
duuuh,dark_prophet,worldnews,1420101155
L_Cranston_Shadow,kevalry,politics,1420101166
ak11,common_s3nse,worldnews,1420101194
TheRadicalAntichrist,fozzymo2,socialism,1420101198
slavemonkey,Pullo_T,worldnews,1420101216
SlyReference,BrokeDickTater,politics,1420101254
POTUSXanderCrews,realityengine,worldnews,1420101267
Bodoblock,deathfantasy,worldnews,1420101277
MetalOrganism,Kabouki,worldnews,1420101286
castafobe,Japroo,worldnews,1420101336
fozzymo2,TheRadicalAntichrist,socialism,1420101351
Mandarion,giantjesus,worldnews,1420101358
Calvinball05,Problem119V-0800,worldnews,1420101411
joejoedawith,DeviMon1,worldnews,1420101490
daowenster,BoatCat,worldnews,1420101496
maustinreddit,shroom_throwaway9722,socialism,1420101520
common_s3nse,ak11,worldnews,1420101532
StateYourBusiness,uncannylizard,worldnews,1420101571
OB1_kenobi,turtlesquirtle,worldnews,1420101581
daschande,Uncomfortabletruth12,worldnews,1420101614
ROFLQuad,174,worldnews,1420101640
MetalOrganism,Sayting,worldnews,1420101659
ioncloud9,iceblademan,worldnews,1420101732
GumdropGoober,DeviMon1,worldnews,1420101764
Themosthumble,BoatCat,worldnews,1420101796
DoDraper,lights_the_dust,worldnews,1420101802
OB1_kenobi,Calvinball05,worldnews,1420101805
Hawks242,tako9,worldnews,1420101808
crateguy,Frostiken,politics,1420101828
shroom_throwaway9722,maustinreddit,socialism,1420101834
Wagamaga,vanderbugger,worldnews,1420101840
BoatMontmorency,justanotherwtf,worldnews,1420101857
Sleekery,argv_minus_one,politics,1420101912
BradburyMan,dannorcart,worldnews,1420101921
MenardiOfProx,Themosthumble,worldnews,1420101938
cavscout43,CorruptionAPlus,worldnews,1420101942
moushoo,Dremord,worldnews,1420101954
DeHizzy420,darthmynuts,worldnews,1420101971
Themosthumble,fastredb,worldnews,1420102032
NonViolentWar,socrates_scrotum,politics,1420102072
OB1_kenobi,Yanrogue,worldnews,1420102112
MoXria,Yanrogue,worldnews,1420102140
cnutnuggets,Themosthumble,worldnews,1420102163
ban-chali,Murgie,worldnews,1420102171
moushoo,Obama__Lover2012,worldnews,1420102178
Boozdeuvash,dark_prophet,worldnews,1420102193
Enjoiissweet,tako9,worldnews,1420102205
BradburyMan,baseacegoku,worldnews,1420102215
Mandarion,NakedAndBehindYou,worldnews,1420102220
bijan4187,kevalry,politics,1420102270
Sayting,MetalOrganism,worldnews,1420102291
RR4YNN,sunwayman,worldnews,1420102305
nutmegel,litper,politics,1420102306
moushoo,Computer_Name,worldnews,1420102323
Sergeant_Static,KillTheSEP,socialism,1420102353
Whoopwhoop7,_JayJ,worldnews,1420102393
Frostiken,crateguy,politics,1420102411
prometheanbane,shroom_throwaway9722,socialism,1420102445
litper,nutmegel,politics,1420102446
sherikanman,slavemonkey,worldnews,1420102464
seanspotatobusiness,equalityisreal,worldnews,1420102466
newfit,Jalo66,worldnews,1420102467
Dremord,moushoo,worldnews,1420102491
crateguy,ConservativeBoi,politics,1420102496
brolivia,Anon125,worldnews,1420102581
Snickering_Ginger,IranToToronto,worldnews,1420102586
MetalOrganism,Sayting,worldnews,1420102595
174,ROFLQuad,worldnews,1420102628
SabashChandraBose,JewBear48,worldnews,1420102644
Snickering_Ginger,canyouhearme,worldnews,1420102651
WarPhalange,EggNun,politics,1420102658
gavers,9minutetruth-penalty,worldnews,1420102659
qoa,sherikanman,worldnews,1420102699
IranToToronto,Snickering_Ginger,worldnews,1420102719
sherikanman,AndyDap,worldnews,1420102742
seanspotatobusiness,Tyronis3,worldnews,1420102767
RufusTheFirefly,MaxFreedomMoussa,worldnews,1420102774
BLOODY_ANAL_VOMIT,feedayeen,politics,1420102812
Sayting,MetalOrganism,worldnews,1420102823
[deleted],confiq,worldnews,1420102824
ilikeeagles,Dtapped,worldnews,1420102827
ROFLQuad,174,worldnews,1420102840
ModernPoultry,Themosthumble,worldnews,1420102868
lexisayok,BraveSquirrel,politics,1420102910
TheRadicalAntichrist,fozzymo2,socialism,1420102916
oouurr,nuvistor,worldnews,1420102965
KelsoKira,iKickComputers,politics,1420102982
LiquidAether,MetalOrganism,worldnews,1420102983
482733577,newfit,worldnews,1420102986
DoDraper,MrMumbo,worldnews,1420103002
dadkab0ns,[deleted],worldnews,1420103014
599GTO,spyder728,worldnews,1420103043
SplatterSack,pcurve,worldnews,1420103046
lexisayok,GnomeyGustav,politics,1420103060
Whoopwhoop7,Boozdeuvash,worldnews,1420103063
grand_marquis,VoilaVoilaWashington,worldnews,1420103083
BLOODY_ANAL_VOMIT,LiberalHeimerdinger,politics,1420103097
lexisayok,thinkforaminute,politics,1420103123
RufusTheFirefly,theblackraven,worldnews,1420103135
174,ROFLQuad,worldnews,1420103140
rekooHnzA,PM_ME_YOUR_BOURBON,worldnews,1420103154
Rench15,qoa,worldnews,1420103168
lexisayok,kevalry,politics,1420103200
Taervon,thro_way,politics,1420103200
EnglishManinDC,AutoModerator,worldnews,1420103208
123felix,Timaz,worldnews,1420103213
adityosaur,ShouldBeAnUpvoteGif,worldnews,1420103255
warpus,sherikanman,worldnews,1420103257
imsopov,etherghost,worldnews,1420103260
DurianMD,mhl67,socialism,1420103269
dadkab0ns,DarKcS,worldnews,1420103275
vikinick,Themosthumble,worldnews,1420103279
newfit,482733577,worldnews,1420103279
atlasing,shroom_throwaway9722,socialism,1420103294
Rench15,Scattered_Disk,worldnews,1420103302
nuvistor,oouurr,worldnews,1420103315
crateguy,Brother_tempus,politics,1420103323
Snickering_Ginger,IranToToronto,worldnews,1420103341
Dilligaff82,epepepturbo,worldnews,1420103362
ROFLQuad,174,worldnews,1420103367
nutmegel,litper,politics,1420103430
[deleted],kaizervonmaanen,worldnews,1420103435
Squeejee09,smallstepforman,worldnews,1420103445
174,ROFLQuad,worldnews,1420103449
Themosthumble,cnutnuggets,worldnews,1420103456
warpus,zahrul3,worldnews,1420103471
zombiesingularity,radioactivelens,socialism,1420103490
[deleted],JumpingJackJoe,worldnews,1420103531
Dirt_McGirt_,OMGSPACERUSSIA,worldnews,1420103534
ROFLQuad,174,worldnews,1420103543
derpmeow,AggregateTurtle,worldnews,1420103561
shroom_throwaway9722,prometheanbane,socialism,1420103570
PandaBearShenyu,avaslash,worldnews,1420103573
cnscdn,epepepturbo,worldnews,1420103604
neotropic9,centipedophile,politics,1420103609
o1498,gavers,worldnews,1420103618
tacos_4_all,KillTheSEP,socialism,1420103648
chilaxinman,Kropotki,worldnews,1420103696
neotropic9,dox_teh_authoritahs,politics,1420103719
174,ROFLQuad,worldnews,1420103729
IranToToronto,Snickering_Ginger,worldnews,1420103769
kv_right,extendedsceptic,worldnews,1420103799
TheNoveltyAccountant,an_internet_denizen,worldnews,1420103837
SNGULARITY,FishstickIsles,worldnews,1420103852
Balrogic3,ridger5,politics,1420103863
Snickering_Ginger,IranToToronto,worldnews,1420103882
[deleted],qwerty_0_o,worldnews,1420103909
BrokeDickTater,SlyReference,politics,1420103925
2cone,Vin_Diesel420,worldnews,1420103927
paperconservation101,sherikanman,worldnews,1420103973
crateguy,JCuc,politics,1420103993
benweiser22,tako9,worldnews,1420103996
belovedeagle,fatcity,worldnews,1420104003
vikinick,LeCrushinator,worldnews,1420104018
Toaka,gavers,worldnews,1420104034
Introshine,DkorpiBSME,worldnews,1420104037
RufusTheFirefly,terrymr,worldnews,1420104052
iamacheapskate,maqij,worldnews,1420104065
Taliva,ShadowStealer7,worldnews,1420104070
Toaka,FuckinNiceKitty,worldnews,1420104080
Snickering_Ginger,LeCrushinator,worldnews,1420104087
mtw_,prometheanbane,socialism,1420104099
ROFLQuad,174,worldnews,1420104115
shroom_throwaway9722,atlasing,socialism,1420104128
174,ROFLQuad,worldnews,1420104132
ChickenInASpa,Yanrogue,worldnews,1420104172
epepepturbo,cnscdn,worldnews,1420104182
BLOODY_ANAL_VOMIT,christ0ph,politics,1420104206
flaxom,equalityisreal,worldnews,1420104217
masasin,PM_ME_YOUR_BOURBON,worldnews,1420104235
SeekTruthFromFacts,varietygamer,worldnews,1420104280
